Date,Product_Family,SKU,Demand
2011-01-01,FOODS_1,FOODS_1_124,0
2011-02-01,FOODS_1,FOODS_1_124,0
2011-03-01,FOODS_1,FOODS_1_124,43
2011-04-01,FOODS_1,FOODS_1_124,16
2011-05-01,FOODS_1,FOODS_1_124,61
2011-06-01,FOODS_1,FOODS_1_124,47
2011-07-01,FOODS_1,FOODS_1_124,62
2011-08-01,FOODS_1,FOODS_1_124,5
2011-09-01,FOODS_1,FOODS_1_124,0
2011-10-01,FOODS_1,FOODS_1_124,0
2011-11-01,FOODS_1,FOODS_1_124,40
2011-12-01,FOODS_1,FOODS_1_124,65
2012-01-01,FOODS_1,FOODS_1_124,46
2012-02-01,FOODS_1,FOODS_1_124,57
2012-03-01,FOODS_1,FOODS_1_124,53
2012-04-01,FOODS_1,FOODS_1_124,64
2012-05-01,FOODS_1,FOODS_1_124,45
2012-06-01,FOODS_1,FOODS_1_124,54
2012-07-01,FOODS_1,FOODS_1_124,54
2012-08-01,FOODS_1,FOODS_1_124,64
2012-09-01,FOODS_1,FOODS_1_124,57
2012-10-01,FOODS_1,FOODS_1_124,43
2012-11-01,FOODS_1,FOODS_1_124,42
2012-12-01,FOODS_1,FOODS_1_124,65
2013-01-01,FOODS_1,FOODS_1_124,34
2013-02-01,FOODS_1,FOODS_1_124,3
2013-03-01,FOODS_1,FOODS_1_124,0
2013-04-01,FOODS_1,FOODS_1_124,0
2013-05-01,FOODS_1,FOODS_1_124,22
2013-06-01,FOODS_1,FOODS_1_124,35
2013-07-01,FOODS_1,FOODS_1_124,37
2013-08-01,FOODS_1,FOODS_1_124,30
2013-09-01,FOODS_1,FOODS_1_124,28
2013-10-01,FOODS_1,FOODS_1_124,39
2013-11-01,FOODS_1,FOODS_1_124,4
2013-12-01,FOODS_1,FOODS_1_124,0
2014-01-01,FOODS_1,FOODS_1_124,0
2014-02-01,FOODS_1,FOODS_1_124,0
2014-03-01,FOODS_1,FOODS_1_124,0
2014-04-01,FOODS_1,FOODS_1_124,18
2014-05-01,FOODS_1,FOODS_1_124,37
2014-06-01,FOODS_1,FOODS_1_124,34
2014-07-01,FOODS_1,FOODS_1_124,30
2014-08-01,FOODS_1,FOODS_1_124,26
2014-09-01,FOODS_1,FOODS_1_124,36
2014-10-01,FOODS_1,FOODS_1_124,15
2014-11-01,FOODS_1,FOODS_1_124,0
2014-12-01,FOODS_1,FOODS_1_124,0
2015-01-01,FOODS_1,FOODS_1_124,17
2015-02-01,FOODS_1,FOODS_1_124,4
2015-03-01,FOODS_1,FOODS_1_124,0
2015-04-01,FOODS_1,FOODS_1_124,6
2015-05-01,FOODS_1,FOODS_1_124,59
2015-06-01,FOODS_1,FOODS_1_124,37
2015-07-01,FOODS_1,FOODS_1_124,42
2015-08-01,FOODS_1,FOODS_1_124,29
2015-09-01,FOODS_1,FOODS_1_124,22
2015-10-01,FOODS_1,FOODS_1_124,13
2015-11-01,FOODS_1,FOODS_1_124,0
2015-12-01,FOODS_1,FOODS_1_124,0
2016-01-01,FOODS_1,FOODS_1_124,30
2016-02-01,FOODS_1,FOODS_1_124,49
2016-03-01,FOODS_1,FOODS_1_124,33
2016-04-01,FOODS_1,FOODS_1_124,41
2016-05-01,FOODS_1,FOODS_1_124,24
2011-01-01,FOODS_1,FOODS_1_128,0
2011-02-01,FOODS_1,FOODS_1_128,0
2011-03-01,FOODS_1,FOODS_1_128,6
2011-04-01,FOODS_1,FOODS_1_128,29
2011-05-01,FOODS_1,FOODS_1_128,12
2011-06-01,FOODS_1,FOODS_1_128,68
2011-07-01,FOODS_1,FOODS_1_128,75
2011-08-01,FOODS_1,FOODS_1_128,6
2011-09-01,FOODS_1,FOODS_1_128,40
2011-10-01,FOODS_1,FOODS_1_128,6
2011-11-01,FOODS_1,FOODS_1_128,15
2011-12-01,FOODS_1,FOODS_1_128,33
2012-01-01,FOODS_1,FOODS_1_128,31
2012-02-01,FOODS_1,FOODS_1_128,25
2012-03-01,FOODS_1,FOODS_1_128,23
2012-04-01,FOODS_1,FOODS_1_128,20
2012-05-01,FOODS_1,FOODS_1_128,23
2012-06-01,FOODS_1,FOODS_1_128,13
2012-07-01,FOODS_1,FOODS_1_128,0
2012-08-01,FOODS_1,FOODS_1_128,27
2012-09-01,FOODS_1,FOODS_1_128,28
2012-10-01,FOODS_1,FOODS_1_128,27
2012-11-01,FOODS_1,FOODS_1_128,25
2012-12-01,FOODS_1,FOODS_1_128,35
2013-01-01,FOODS_1,FOODS_1_128,22
2013-02-01,FOODS_1,FOODS_1_128,34
2013-03-01,FOODS_1,FOODS_1_128,32
2013-04-01,FOODS_1,FOODS_1_128,24
2013-05-01,FOODS_1,FOODS_1_128,29
2013-06-01,FOODS_1,FOODS_1_128,14
2013-07-01,FOODS_1,FOODS_1_128,13
2013-08-01,FOODS_1,FOODS_1_128,11
2013-09-01,FOODS_1,FOODS_1_128,14
2013-10-01,FOODS_1,FOODS_1_128,16
2013-11-01,FOODS_1,FOODS_1_128,17
2013-12-01,FOODS_1,FOODS_1_128,37
2014-01-01,FOODS_1,FOODS_1_128,21
2014-02-01,FOODS_1,FOODS_1_128,19
2014-03-01,FOODS_1,FOODS_1_128,17
2014-04-01,FOODS_1,FOODS_1_128,28
2014-05-01,FOODS_1,FOODS_1_128,30
2014-06-01,FOODS_1,FOODS_1_128,19
2014-07-01,FOODS_1,FOODS_1_128,13
2014-08-01,FOODS_1,FOODS_1_128,20
2014-09-01,FOODS_1,FOODS_1_128,5
2014-10-01,FOODS_1,FOODS_1_128,17
2014-11-01,FOODS_1,FOODS_1_128,14
2014-12-01,FOODS_1,FOODS_1_128,29
2015-01-01,FOODS_1,FOODS_1_128,15
2015-02-01,FOODS_1,FOODS_1_128,24
2015-03-01,FOODS_1,FOODS_1_128,17
2015-04-01,FOODS_1,FOODS_1_128,13
2015-05-01,FOODS_1,FOODS_1_128,11
2015-06-01,FOODS_1,FOODS_1_128,19
2015-07-01,FOODS_1,FOODS_1_128,10
2015-08-01,FOODS_1,FOODS_1_128,19
2015-09-01,FOODS_1,FOODS_1_128,12
2015-10-01,FOODS_1,FOODS_1_128,8
2015-11-01,FOODS_1,FOODS_1_128,14
2015-12-01,FOODS_1,FOODS_1_128,58
2016-01-01,FOODS_1,FOODS_1_128,13
2016-02-01,FOODS_1,FOODS_1_128,14
2016-03-01,FOODS_1,FOODS_1_128,21
2016-04-01,FOODS_1,FOODS_1_128,18
2016-05-01,FOODS_1,FOODS_1_128,17
2011-01-01,FOODS_1,FOODS_1_135,3
2011-02-01,FOODS_1,FOODS_1_135,16
2011-03-01,FOODS_1,FOODS_1_135,19
2011-04-01,FOODS_1,FOODS_1_135,29
2011-05-01,FOODS_1,FOODS_1_135,33
2011-06-01,FOODS_1,FOODS_1_135,18
2011-07-01,FOODS_1,FOODS_1_135,11
2011-08-01,FOODS_1,FOODS_1_135,29
2011-09-01,FOODS_1,FOODS_1_135,25
2011-10-01,FOODS_1,FOODS_1_135,29
2011-11-01,FOODS_1,FOODS_1_135,2
2011-12-01,FOODS_1,FOODS_1_135,0
2012-01-01,FOODS_1,FOODS_1_135,9
2012-02-01,FOODS_1,FOODS_1_135,16
2012-03-01,FOODS_1,FOODS_1_135,19
2012-04-01,FOODS_1,FOODS_1_135,18
2012-05-01,FOODS_1,FOODS_1_135,10
2012-06-01,FOODS_1,FOODS_1_135,0
2012-07-01,FOODS_1,FOODS_1_135,0
2012-08-01,FOODS_1,FOODS_1_135,0
2012-09-01,FOODS_1,FOODS_1_135,17
2012-10-01,FOODS_1,FOODS_1_135,0
2012-11-01,FOODS_1,FOODS_1_135,0
2012-12-01,FOODS_1,FOODS_1_135,0
2013-01-01,FOODS_1,FOODS_1_135,19
2013-02-01,FOODS_1,FOODS_1_135,14
2013-03-01,FOODS_1,FOODS_1_135,11
2013-04-01,FOODS_1,FOODS_1_135,11
2013-05-01,FOODS_1,FOODS_1_135,7
2013-06-01,FOODS_1,FOODS_1_135,27
2013-07-01,FOODS_1,FOODS_1_135,21
2013-08-01,FOODS_1,FOODS_1_135,11
2013-09-01,FOODS_1,FOODS_1_135,24
2013-10-01,FOODS_1,FOODS_1_135,0
2013-11-01,FOODS_1,FOODS_1_135,0
2013-12-01,FOODS_1,FOODS_1_135,0
2014-01-01,FOODS_1,FOODS_1_135,8
2014-02-01,FOODS_1,FOODS_1_135,20
2014-03-01,FOODS_1,FOODS_1_135,25
2014-04-01,FOODS_1,FOODS_1_135,1
2014-05-01,FOODS_1,FOODS_1_135,0
2014-06-01,FOODS_1,FOODS_1_135,0
2014-07-01,FOODS_1,FOODS_1_135,5
2014-08-01,FOODS_1,FOODS_1_135,20
2014-09-01,FOODS_1,FOODS_1_135,28
2014-10-01,FOODS_1,FOODS_1_135,3
2014-11-01,FOODS_1,FOODS_1_135,0
2014-12-01,FOODS_1,FOODS_1_135,0
2015-01-01,FOODS_1,FOODS_1_135,21
2015-02-01,FOODS_1,FOODS_1_135,27
2015-03-01,FOODS_1,FOODS_1_135,28
2015-04-01,FOODS_1,FOODS_1_135,6
2015-05-01,FOODS_1,FOODS_1_135,0
2015-06-01,FOODS_1,FOODS_1_135,0
2015-07-01,FOODS_1,FOODS_1_135,9
2015-08-01,FOODS_1,FOODS_1_135,20
2015-09-01,FOODS_1,FOODS_1_135,27
2015-10-01,FOODS_1,FOODS_1_135,15
2015-11-01,FOODS_1,FOODS_1_135,0
2015-12-01,FOODS_1,FOODS_1_135,0
2016-01-01,FOODS_1,FOODS_1_135,24
2016-02-01,FOODS_1,FOODS_1_135,15
2016-03-01,FOODS_1,FOODS_1_135,19
2016-04-01,FOODS_1,FOODS_1_135,15
2016-05-01,FOODS_1,FOODS_1_135,36
2011-01-01,FOODS_1,FOODS_1_185,2
2011-02-01,FOODS_1,FOODS_1_185,3
2011-03-01,FOODS_1,FOODS_1_185,18
2011-04-01,FOODS_1,FOODS_1_185,7
2011-05-01,FOODS_1,FOODS_1_185,50
2011-06-01,FOODS_1,FOODS_1_185,55
2011-07-01,FOODS_1,FOODS_1_185,62
2011-08-01,FOODS_1,FOODS_1_185,57
2011-09-01,FOODS_1,FOODS_1_185,42
2011-10-01,FOODS_1,FOODS_1_185,35
2011-11-01,FOODS_1,FOODS_1_185,25
2011-12-01,FOODS_1,FOODS_1_185,9
2012-01-01,FOODS_1,FOODS_1_185,23
2012-02-01,FOODS_1,FOODS_1_185,40
2012-03-01,FOODS_1,FOODS_1_185,32
2012-04-01,FOODS_1,FOODS_1_185,44
2012-05-01,FOODS_1,FOODS_1_185,37
2012-06-01,FOODS_1,FOODS_1_185,43
2012-07-01,FOODS_1,FOODS_1_185,43
2012-08-01,FOODS_1,FOODS_1_185,46
2012-09-01,FOODS_1,FOODS_1_185,26
2012-10-01,FOODS_1,FOODS_1_185,21
2012-11-01,FOODS_1,FOODS_1_185,22
2012-12-01,FOODS_1,FOODS_1_185,23
2013-01-01,FOODS_1,FOODS_1_185,19
2013-02-01,FOODS_1,FOODS_1_185,0
2013-03-01,FOODS_1,FOODS_1_185,35
2013-04-01,FOODS_1,FOODS_1_185,34
2013-05-01,FOODS_1,FOODS_1_185,56
2013-06-01,FOODS_1,FOODS_1_185,52
2013-07-01,FOODS_1,FOODS_1_185,49
2013-08-01,FOODS_1,FOODS_1_185,52
2013-09-01,FOODS_1,FOODS_1_185,38
2013-10-01,FOODS_1,FOODS_1_185,20
2013-11-01,FOODS_1,FOODS_1_185,12
2013-12-01,FOODS_1,FOODS_1_185,29
2014-01-01,FOODS_1,FOODS_1_185,15
2014-02-01,FOODS_1,FOODS_1_185,26
2014-03-01,FOODS_1,FOODS_1_185,28
2014-04-01,FOODS_1,FOODS_1_185,37
2014-05-01,FOODS_1,FOODS_1_185,40
2014-06-01,FOODS_1,FOODS_1_185,33
2014-07-01,FOODS_1,FOODS_1_185,24
2014-08-01,FOODS_1,FOODS_1_185,35
2014-09-01,FOODS_1,FOODS_1_185,17
2014-10-01,FOODS_1,FOODS_1_185,44
2014-11-01,FOODS_1,FOODS_1_185,21
2014-12-01,FOODS_1,FOODS_1_185,19
2015-01-01,FOODS_1,FOODS_1_185,25
2015-02-01,FOODS_1,FOODS_1_185,49
2015-03-01,FOODS_1,FOODS_1_185,12
2015-04-01,FOODS_1,FOODS_1_185,31
2015-05-01,FOODS_1,FOODS_1_185,55
2015-06-01,FOODS_1,FOODS_1_185,68
2015-07-01,FOODS_1,FOODS_1_185,25
2015-08-01,FOODS_1,FOODS_1_185,29
2015-09-01,FOODS_1,FOODS_1_185,8
2015-10-01,FOODS_1,FOODS_1_185,40
2015-11-01,FOODS_1,FOODS_1_185,28
2015-12-01,FOODS_1,FOODS_1_185,39
2016-01-01,FOODS_1,FOODS_1_185,25
2016-02-01,FOODS_1,FOODS_1_185,43
2016-03-01,FOODS_1,FOODS_1_185,48
2016-04-01,FOODS_1,FOODS_1_185,60
2016-05-01,FOODS_1,FOODS_1_185,40
2011-01-01,FOODS_2,FOODS_2_045,0
2011-02-01,FOODS_2,FOODS_2_045,0
2011-03-01,FOODS_2,FOODS_2_045,0
2011-04-01,FOODS_2,FOODS_2_045,0
2011-05-01,FOODS_2,FOODS_2_045,0
2011-06-01,FOODS_2,FOODS_2_045,0
2011-07-01,FOODS_2,FOODS_2_045,0
2011-08-01,FOODS_2,FOODS_2_045,0
2011-09-01,FOODS_2,FOODS_2_045,0
2011-10-01,FOODS_2,FOODS_2_045,0
2011-11-01,FOODS_2,FOODS_2_045,0
2011-12-01,FOODS_2,FOODS_2_045,0
2012-01-01,FOODS_2,FOODS_2_045,0
2012-02-01,FOODS_2,FOODS_2_045,0
2012-03-01,FOODS_2,FOODS_2_045,0
2012-04-01,FOODS_2,FOODS_2_045,0
2012-05-01,FOODS_2,FOODS_2_045,0
2012-06-01,FOODS_2,FOODS_2_045,0
2012-07-01,FOODS_2,FOODS_2_045,0
2012-08-01,FOODS_2,FOODS_2_045,0
2012-09-01,FOODS_2,FOODS_2_045,0
2012-10-01,FOODS_2,FOODS_2_045,0
2012-11-01,FOODS_2,FOODS_2_045,0
2012-12-01,FOODS_2,FOODS_2_045,0
2013-01-01,FOODS_2,FOODS_2_045,0
2013-02-01,FOODS_2,FOODS_2_045,31
2013-03-01,FOODS_2,FOODS_2_045,36
2013-04-01,FOODS_2,FOODS_2_045,30
2013-05-01,FOODS_2,FOODS_2_045,25
2013-06-01,FOODS_2,FOODS_2_045,32
2013-07-01,FOODS_2,FOODS_2_045,16
2013-08-01,FOODS_2,FOODS_2_045,33
2013-09-01,FOODS_2,FOODS_2_045,28
2013-10-01,FOODS_2,FOODS_2_045,28
2013-11-01,FOODS_2,FOODS_2_045,29
2013-12-01,FOODS_2,FOODS_2_045,44
2014-01-01,FOODS_2,FOODS_2_045,22
2014-02-01,FOODS_2,FOODS_2_045,0
2014-03-01,FOODS_2,FOODS_2_045,0
2014-04-01,FOODS_2,FOODS_2_045,13
2014-05-01,FOODS_2,FOODS_2_045,37
2014-06-01,FOODS_2,FOODS_2_045,24
2014-07-01,FOODS_2,FOODS_2_045,26
2014-08-01,FOODS_2,FOODS_2_045,38
2014-09-01,FOODS_2,FOODS_2_045,28
2014-10-01,FOODS_2,FOODS_2_045,46
2014-11-01,FOODS_2,FOODS_2_045,43
2014-12-01,FOODS_2,FOODS_2_045,2
2015-01-01,FOODS_2,FOODS_2_045,1
2015-02-01,FOODS_2,FOODS_2_045,0
2015-03-01,FOODS_2,FOODS_2_045,0
2015-04-01,FOODS_2,FOODS_2_045,0
2015-05-01,FOODS_2,FOODS_2_045,6
2015-06-01,FOODS_2,FOODS_2_045,0
2015-07-01,FOODS_2,FOODS_2_045,6
2015-08-01,FOODS_2,FOODS_2_045,28
2015-09-01,FOODS_2,FOODS_2_045,36
2015-10-01,FOODS_2,FOODS_2_045,45
2015-11-01,FOODS_2,FOODS_2_045,41
2015-12-01,FOODS_2,FOODS_2_045,40
2016-01-01,FOODS_2,FOODS_2_045,28
2016-02-01,FOODS_2,FOODS_2_045,33
2016-03-01,FOODS_2,FOODS_2_045,33
2016-04-01,FOODS_2,FOODS_2_045,30
2016-05-01,FOODS_2,FOODS_2_045,18
2011-01-01,FOODS_2,FOODS_2_069,0
2011-02-01,FOODS_2,FOODS_2_069,0
2011-03-01,FOODS_2,FOODS_2_069,0
2011-04-01,FOODS_2,FOODS_2_069,0
2011-05-01,FOODS_2,FOODS_2_069,0
2011-06-01,FOODS_2,FOODS_2_069,0
2011-07-01,FOODS_2,FOODS_2_069,0
2011-08-01,FOODS_2,FOODS_2_069,0
2011-09-01,FOODS_2,FOODS_2_069,0
2011-10-01,FOODS_2,FOODS_2_069,0
2011-11-01,FOODS_2,FOODS_2_069,0
2011-12-01,FOODS_2,FOODS_2_069,0
2012-01-01,FOODS_2,FOODS_2_069,0
2012-02-01,FOODS_2,FOODS_2_069,0
2012-03-01,FOODS_2,FOODS_2_069,0
2012-04-01,FOODS_2,FOODS_2_069,4
2012-05-01,FOODS_2,FOODS_2_069,10
2012-06-01,FOODS_2,FOODS_2_069,15
2012-07-01,FOODS_2,FOODS_2_069,13
2012-08-01,FOODS_2,FOODS_2_069,8
2012-09-01,FOODS_2,FOODS_2_069,2
2012-10-01,FOODS_2,FOODS_2_069,2
2012-11-01,FOODS_2,FOODS_2_069,17
2012-12-01,FOODS_2,FOODS_2_069,12
2013-01-01,FOODS_2,FOODS_2_069,11
2013-02-01,FOODS_2,FOODS_2_069,17
2013-03-01,FOODS_2,FOODS_2_069,2
2013-04-01,FOODS_2,FOODS_2_069,20
2013-05-01,FOODS_2,FOODS_2_069,16
2013-06-01,FOODS_2,FOODS_2_069,17
2013-07-01,FOODS_2,FOODS_2_069,11
2013-08-01,FOODS_2,FOODS_2_069,10
2013-09-01,FOODS_2,FOODS_2_069,5
2013-10-01,FOODS_2,FOODS_2_069,6
2013-11-01,FOODS_2,FOODS_2_069,11
2013-12-01,FOODS_2,FOODS_2_069,15
2014-01-01,FOODS_2,FOODS_2_069,8
2014-02-01,FOODS_2,FOODS_2_069,15
2014-03-01,FOODS_2,FOODS_2_069,19
2014-04-01,FOODS_2,FOODS_2_069,11
2014-05-01,FOODS_2,FOODS_2_069,12
2014-06-01,FOODS_2,FOODS_2_069,11
2014-07-01,FOODS_2,FOODS_2_069,16
2014-08-01,FOODS_2,FOODS_2_069,16
2014-09-01,FOODS_2,FOODS_2_069,13
2014-10-01,FOODS_2,FOODS_2_069,16
2014-11-01,FOODS_2,FOODS_2_069,24
2014-12-01,FOODS_2,FOODS_2_069,13
2015-01-01,FOODS_2,FOODS_2_069,20
2015-02-01,FOODS_2,FOODS_2_069,17
2015-03-01,FOODS_2,FOODS_2_069,10
2015-04-01,FOODS_2,FOODS_2_069,11
2015-05-01,FOODS_2,FOODS_2_069,2
2015-06-01,FOODS_2,FOODS_2_069,12
2015-07-01,FOODS_2,FOODS_2_069,13
2015-08-01,FOODS_2,FOODS_2_069,19
2015-09-01,FOODS_2,FOODS_2_069,13
2015-10-01,FOODS_2,FOODS_2_069,13
2015-11-01,FOODS_2,FOODS_2_069,18
2015-12-01,FOODS_2,FOODS_2_069,14
2016-01-01,FOODS_2,FOODS_2_069,20
2016-02-01,FOODS_2,FOODS_2_069,21
2016-03-01,FOODS_2,FOODS_2_069,23
2016-04-01,FOODS_2,FOODS_2_069,16
2016-05-01,FOODS_2,FOODS_2_069,9
2011-01-01,FOODS_2,FOODS_2_111,0
2011-02-01,FOODS_2,FOODS_2_111,0
2011-03-01,FOODS_2,FOODS_2_111,0
2011-04-01,FOODS_2,FOODS_2_111,0
2011-05-01,FOODS_2,FOODS_2_111,0
2011-06-01,FOODS_2,FOODS_2_111,0
2011-07-01,FOODS_2,FOODS_2_111,0
2011-08-01,FOODS_2,FOODS_2_111,0
2011-09-01,FOODS_2,FOODS_2_111,0
2011-10-01,FOODS_2,FOODS_2_111,0
2011-11-01,FOODS_2,FOODS_2_111,0
2011-12-01,FOODS_2,FOODS_2_111,0
2012-01-01,FOODS_2,FOODS_2_111,13
2012-02-01,FOODS_2,FOODS_2_111,14
2012-03-01,FOODS_2,FOODS_2_111,14
2012-04-01,FOODS_2,FOODS_2_111,19
2012-05-01,FOODS_2,FOODS_2_111,16
2012-06-01,FOODS_2,FOODS_2_111,17
2012-07-01,FOODS_2,FOODS_2_111,10
2012-08-01,FOODS_2,FOODS_2_111,16
2012-09-01,FOODS_2,FOODS_2_111,11
2012-10-01,FOODS_2,FOODS_2_111,7
2012-11-01,FOODS_2,FOODS_2_111,12
2012-12-01,FOODS_2,FOODS_2_111,12
2013-01-01,FOODS_2,FOODS_2_111,9
2013-02-01,FOODS_2,FOODS_2_111,15
2013-03-01,FOODS_2,FOODS_2_111,0
2013-04-01,FOODS_2,FOODS_2_111,10
2013-05-01,FOODS_2,FOODS_2_111,8
2013-06-01,FOODS_2,FOODS_2_111,17
2013-07-01,FOODS_2,FOODS_2_111,8
2013-08-01,FOODS_2,FOODS_2_111,20
2013-09-01,FOODS_2,FOODS_2_111,10
2013-10-01,FOODS_2,FOODS_2_111,12
2013-11-01,FOODS_2,FOODS_2_111,15
2013-12-01,FOODS_2,FOODS_2_111,17
2014-01-01,FOODS_2,FOODS_2_111,21
2014-02-01,FOODS_2,FOODS_2_111,9
2014-03-01,FOODS_2,FOODS_2_111,12
2014-04-01,FOODS_2,FOODS_2_111,11
2014-05-01,FOODS_2,FOODS_2_111,4
2014-06-01,FOODS_2,FOODS_2_111,8
2014-07-01,FOODS_2,FOODS_2_111,6
2014-08-01,FOODS_2,FOODS_2_111,2
2014-09-01,FOODS_2,FOODS_2_111,9
2014-10-01,FOODS_2,FOODS_2_111,12
2014-11-01,FOODS_2,FOODS_2_111,1
2014-12-01,FOODS_2,FOODS_2_111,0
2015-01-01,FOODS_2,FOODS_2_111,4
2015-02-01,FOODS_2,FOODS_2_111,1
2015-03-01,FOODS_2,FOODS_2_111,0
2015-04-01,FOODS_2,FOODS_2_111,0
2015-05-01,FOODS_2,FOODS_2_111,11
2015-06-01,FOODS_2,FOODS_2_111,5
2015-07-01,FOODS_2,FOODS_2_111,3
2015-08-01,FOODS_2,FOODS_2_111,1
2015-09-01,FOODS_2,FOODS_2_111,10
2015-10-01,FOODS_2,FOODS_2_111,13
2015-11-01,FOODS_2,FOODS_2_111,8
2015-12-01,FOODS_2,FOODS_2_111,12
2016-01-01,FOODS_2,FOODS_2_111,6
2016-02-01,FOODS_2,FOODS_2_111,6
2016-03-01,FOODS_2,FOODS_2_111,11
2016-04-01,FOODS_2,FOODS_2_111,2
2016-05-01,FOODS_2,FOODS_2_111,4
2011-01-01,FOODS_2,FOODS_2_314,0
2011-02-01,FOODS_2,FOODS_2_314,0
2011-03-01,FOODS_2,FOODS_2_314,0
2011-04-01,FOODS_2,FOODS_2_314,0
2011-05-01,FOODS_2,FOODS_2_314,0
2011-06-01,FOODS_2,FOODS_2_314,14
2011-07-01,FOODS_2,FOODS_2_314,10
2011-08-01,FOODS_2,FOODS_2_314,4
2011-09-01,FOODS_2,FOODS_2_314,4
2011-10-01,FOODS_2,FOODS_2_314,0
2011-11-01,FOODS_2,FOODS_2_314,0
2011-12-01,FOODS_2,FOODS_2_314,0
2012-01-01,FOODS_2,FOODS_2_314,0
2012-02-01,FOODS_2,FOODS_2_314,0
2012-03-01,FOODS_2,FOODS_2_314,5
2012-04-01,FOODS_2,FOODS_2_314,10
2012-05-01,FOODS_2,FOODS_2_314,22
2012-06-01,FOODS_2,FOODS_2_314,16
2012-07-01,FOODS_2,FOODS_2_314,29
2012-08-01,FOODS_2,FOODS_2_314,37
2012-09-01,FOODS_2,FOODS_2_314,21
2012-10-01,FOODS_2,FOODS_2_314,7
2012-11-01,FOODS_2,FOODS_2_314,12
2012-12-01,FOODS_2,FOODS_2_314,24
2013-01-01,FOODS_2,FOODS_2_314,7
2013-02-01,FOODS_2,FOODS_2_314,19
2013-03-01,FOODS_2,FOODS_2_314,17
2013-04-01,FOODS_2,FOODS_2_314,21
2013-05-01,FOODS_2,FOODS_2_314,21
2013-06-01,FOODS_2,FOODS_2_314,20
2013-07-01,FOODS_2,FOODS_2_314,12
2013-08-01,FOODS_2,FOODS_2_314,14
2013-09-01,FOODS_2,FOODS_2_314,17
2013-10-01,FOODS_2,FOODS_2_314,14
2013-11-01,FOODS_2,FOODS_2_314,10
2013-12-01,FOODS_2,FOODS_2_314,7
2014-01-01,FOODS_2,FOODS_2_314,3
2014-02-01,FOODS_2,FOODS_2_314,30
2014-03-01,FOODS_2,FOODS_2_314,53
2014-04-01,FOODS_2,FOODS_2_314,60
2014-05-01,FOODS_2,FOODS_2_314,12
2014-06-01,FOODS_2,FOODS_2_314,5
2014-07-01,FOODS_2,FOODS_2_314,7
2014-08-01,FOODS_2,FOODS_2_314,13
2014-09-01,FOODS_2,FOODS_2_314,3
2014-10-01,FOODS_2,FOODS_2_314,6
2014-11-01,FOODS_2,FOODS_2_314,6
2014-12-01,FOODS_2,FOODS_2_314,5
2015-01-01,FOODS_2,FOODS_2_314,13
2015-02-01,FOODS_2,FOODS_2_314,18
2015-03-01,FOODS_2,FOODS_2_314,15
2015-04-01,FOODS_2,FOODS_2_314,14
2015-05-01,FOODS_2,FOODS_2_314,15
2015-06-01,FOODS_2,FOODS_2_314,10
2015-07-01,FOODS_2,FOODS_2_314,17
2015-08-01,FOODS_2,FOODS_2_314,16
2015-09-01,FOODS_2,FOODS_2_314,14
2015-10-01,FOODS_2,FOODS_2_314,28
2015-11-01,FOODS_2,FOODS_2_314,34
2015-12-01,FOODS_2,FOODS_2_314,29
2016-01-01,FOODS_2,FOODS_2_314,25
2016-02-01,FOODS_2,FOODS_2_314,22
2016-03-01,FOODS_2,FOODS_2_314,9
2016-04-01,FOODS_2,FOODS_2_314,21
2016-05-01,FOODS_2,FOODS_2_314,6
2011-01-01,FOODS_2,FOODS_2_361,5
2011-02-01,FOODS_2,FOODS_2_361,30
2011-03-01,FOODS_2,FOODS_2_361,27
2011-04-01,FOODS_2,FOODS_2_361,36
2011-05-01,FOODS_2,FOODS_2_361,20
2011-06-01,FOODS_2,FOODS_2_361,51
2011-07-01,FOODS_2,FOODS_2_361,46
2011-08-01,FOODS_2,FOODS_2_361,11
2011-09-01,FOODS_2,FOODS_2_361,10
2011-10-01,FOODS_2,FOODS_2_361,0
2011-11-01,FOODS_2,FOODS_2_361,18
2011-12-01,FOODS_2,FOODS_2_361,6
2012-01-01,FOODS_2,FOODS_2_361,6
2012-02-01,FOODS_2,FOODS_2_361,38
2012-03-01,FOODS_2,FOODS_2_361,50
2012-04-01,FOODS_2,FOODS_2_361,51
2012-05-01,FOODS_2,FOODS_2_361,33
2012-06-01,FOODS_2,FOODS_2_361,36
2012-07-01,FOODS_2,FOODS_2_361,33
2012-08-01,FOODS_2,FOODS_2_361,25
2012-09-01,FOODS_2,FOODS_2_361,8
2012-10-01,FOODS_2,FOODS_2_361,0
2012-11-01,FOODS_2,FOODS_2_361,16
2012-12-01,FOODS_2,FOODS_2_361,28
2013-01-01,FOODS_2,FOODS_2_361,12
2013-02-01,FOODS_2,FOODS_2_361,10
2013-03-01,FOODS_2,FOODS_2_361,20
2013-04-01,FOODS_2,FOODS_2_361,0
2013-05-01,FOODS_2,FOODS_2_361,12
2013-06-01,FOODS_2,FOODS_2_361,24
2013-07-01,FOODS_2,FOODS_2_361,31
2013-08-01,FOODS_2,FOODS_2_361,16
2013-09-01,FOODS_2,FOODS_2_361,21
2013-10-01,FOODS_2,FOODS_2_361,29
2013-11-01,FOODS_2,FOODS_2_361,43
2013-12-01,FOODS_2,FOODS_2_361,32
2014-01-01,FOODS_2,FOODS_2_361,29
2014-02-01,FOODS_2,FOODS_2_361,27
2014-03-01,FOODS_2,FOODS_2_361,35
2014-04-01,FOODS_2,FOODS_2_361,27
2014-05-01,FOODS_2,FOODS_2_361,26
2014-06-01,FOODS_2,FOODS_2_361,13
2014-07-01,FOODS_2,FOODS_2_361,17
2014-08-01,FOODS_2,FOODS_2_361,6
2014-09-01,FOODS_2,FOODS_2_361,0
2014-10-01,FOODS_2,FOODS_2_361,0
2014-11-01,FOODS_2,FOODS_2_361,13
2014-12-01,FOODS_2,FOODS_2_361,13
2015-01-01,FOODS_2,FOODS_2_361,17
2015-02-01,FOODS_2,FOODS_2_361,0
2015-03-01,FOODS_2,FOODS_2_361,0
2015-04-01,FOODS_2,FOODS_2_361,0
2015-05-01,FOODS_2,FOODS_2_361,48
2015-06-01,FOODS_2,FOODS_2_361,33
2015-07-01,FOODS_2,FOODS_2_361,38
2015-08-01,FOODS_2,FOODS_2_361,63
2015-09-01,FOODS_2,FOODS_2_361,41
2015-10-01,FOODS_2,FOODS_2_361,8
2015-11-01,FOODS_2,FOODS_2_361,60
2015-12-01,FOODS_2,FOODS_2_361,15
2016-01-01,FOODS_2,FOODS_2_361,1
2016-02-01,FOODS_2,FOODS_2_361,0
2016-03-01,FOODS_2,FOODS_2_361,43
2016-04-01,FOODS_2,FOODS_2_361,32
2016-05-01,FOODS_2,FOODS_2_361,36
2011-01-01,FOODS_2,FOODS_2_395,0
2011-02-01,FOODS_2,FOODS_2_395,0
2011-03-01,FOODS_2,FOODS_2_395,0
2011-04-01,FOODS_2,FOODS_2_395,0
2011-05-01,FOODS_2,FOODS_2_395,0
2011-06-01,FOODS_2,FOODS_2_395,0
2011-07-01,FOODS_2,FOODS_2_395,0
2011-08-01,FOODS_2,FOODS_2_395,0
2011-09-01,FOODS_2,FOODS_2_395,0
2011-10-01,FOODS_2,FOODS_2_395,0
2011-11-01,FOODS_2,FOODS_2_395,0
2011-12-01,FOODS_2,FOODS_2_395,0
2012-01-01,FOODS_2,FOODS_2_395,0
2012-02-01,FOODS_2,FOODS_2_395,0
2012-03-01,FOODS_2,FOODS_2_395,0
2012-04-01,FOODS_2,FOODS_2_395,0
2012-05-01,FOODS_2,FOODS_2_395,0
2012-06-01,FOODS_2,FOODS_2_395,0
2012-07-01,FOODS_2,FOODS_2_395,0
2012-08-01,FOODS_2,FOODS_2_395,0
2012-09-01,FOODS_2,FOODS_2_395,0
2012-10-01,FOODS_2,FOODS_2_395,0
2012-11-01,FOODS_2,FOODS_2_395,0
2012-12-01,FOODS_2,FOODS_2_395,0
2013-01-01,FOODS_2,FOODS_2_395,0
2013-02-01,FOODS_2,FOODS_2_395,0
2013-03-01,FOODS_2,FOODS_2_395,0
2013-04-01,FOODS_2,FOODS_2_395,0
2013-05-01,FOODS_2,FOODS_2_395,0
2013-06-01,FOODS_2,FOODS_2_395,18
2013-07-01,FOODS_2,FOODS_2_395,0
2013-08-01,FOODS_2,FOODS_2_395,0
2013-09-01,FOODS_2,FOODS_2_395,0
2013-10-01,FOODS_2,FOODS_2_395,8
2013-11-01,FOODS_2,FOODS_2_395,0
2013-12-01,FOODS_2,FOODS_2_395,0
2014-01-01,FOODS_2,FOODS_2_395,0
2014-02-01,FOODS_2,FOODS_2_395,4
2014-03-01,FOODS_2,FOODS_2_395,21
2014-04-01,FOODS_2,FOODS_2_395,21
2014-05-01,FOODS_2,FOODS_2_395,30
2014-06-01,FOODS_2,FOODS_2_395,15
2014-07-01,FOODS_2,FOODS_2_395,16
2014-08-01,FOODS_2,FOODS_2_395,15
2014-09-01,FOODS_2,FOODS_2_395,24
2014-10-01,FOODS_2,FOODS_2_395,19
2014-11-01,FOODS_2,FOODS_2_395,6
2014-12-01,FOODS_2,FOODS_2_395,13
2015-01-01,FOODS_2,FOODS_2_395,1
2015-02-01,FOODS_2,FOODS_2_395,17
2015-03-01,FOODS_2,FOODS_2_395,18
2015-04-01,FOODS_2,FOODS_2_395,9
2015-05-01,FOODS_2,FOODS_2_395,9
2015-06-01,FOODS_2,FOODS_2_395,5
2015-07-01,FOODS_2,FOODS_2_395,11
2015-08-01,FOODS_2,FOODS_2_395,9
2015-09-01,FOODS_2,FOODS_2_395,14
2015-10-01,FOODS_2,FOODS_2_395,10
2015-11-01,FOODS_2,FOODS_2_395,3
2015-12-01,FOODS_2,FOODS_2_395,0
2016-01-01,FOODS_2,FOODS_2_395,0
2016-02-01,FOODS_2,FOODS_2_395,0
2016-03-01,FOODS_2,FOODS_2_395,3
2016-04-01,FOODS_2,FOODS_2_395,8
2016-05-01,FOODS_2,FOODS_2_395,3
2011-01-01,FOODS_3,FOODS_3_004,0
2011-02-01,FOODS_3,FOODS_3_004,0
2011-03-01,FOODS_3,FOODS_3_004,0
2011-04-01,FOODS_3,FOODS_3_004,0
2011-05-01,FOODS_3,FOODS_3_004,0
2011-06-01,FOODS_3,FOODS_3_004,0
2011-07-01,FOODS_3,FOODS_3_004,0
2011-08-01,FOODS_3,FOODS_3_004,0
2011-09-01,FOODS_3,FOODS_3_004,0
2011-10-01,FOODS_3,FOODS_3_004,0
2011-11-01,FOODS_3,FOODS_3_004,0
2011-12-01,FOODS_3,FOODS_3_004,0
2012-01-01,FOODS_3,FOODS_3_004,0
2012-02-01,FOODS_3,FOODS_3_004,0
2012-03-01,FOODS_3,FOODS_3_004,0
2012-04-01,FOODS_3,FOODS_3_004,0
2012-05-01,FOODS_3,FOODS_3_004,0
2012-06-01,FOODS_3,FOODS_3_004,0
2012-07-01,FOODS_3,FOODS_3_004,0
2012-08-01,FOODS_3,FOODS_3_004,0
2012-09-01,FOODS_3,FOODS_3_004,0
2012-10-01,FOODS_3,FOODS_3_004,0
2012-11-01,FOODS_3,FOODS_3_004,0
2012-12-01,FOODS_3,FOODS_3_004,0
2013-01-01,FOODS_3,FOODS_3_004,0
2013-02-01,FOODS_3,FOODS_3_004,0
2013-03-01,FOODS_3,FOODS_3_004,0
2013-04-01,FOODS_3,FOODS_3_004,0
2013-05-01,FOODS_3,FOODS_3_004,4
2013-06-01,FOODS_3,FOODS_3_004,7
2013-07-01,FOODS_3,FOODS_3_004,3
2013-08-01,FOODS_3,FOODS_3_004,12
2013-09-01,FOODS_3,FOODS_3_004,6
2013-10-01,FOODS_3,FOODS_3_004,17
2013-11-01,FOODS_3,FOODS_3_004,24
2013-12-01,FOODS_3,FOODS_3_004,27
2014-01-01,FOODS_3,FOODS_3_004,37
2014-02-01,FOODS_3,FOODS_3_004,17
2014-03-01,FOODS_3,FOODS_3_004,49
2014-04-01,FOODS_3,FOODS_3_004,15
2014-05-01,FOODS_3,FOODS_3_004,18
2014-06-01,FOODS_3,FOODS_3_004,35
2014-07-01,FOODS_3,FOODS_3_004,24
2014-08-01,FOODS_3,FOODS_3_004,34
2014-09-01,FOODS_3,FOODS_3_004,36
2014-10-01,FOODS_3,FOODS_3_004,41
2014-11-01,FOODS_3,FOODS_3_004,26
2014-12-01,FOODS_3,FOODS_3_004,36
2015-01-01,FOODS_3,FOODS_3_004,31
2015-02-01,FOODS_3,FOODS_3_004,33
2015-03-01,FOODS_3,FOODS_3_004,32
2015-04-01,FOODS_3,FOODS_3_004,44
2015-05-01,FOODS_3,FOODS_3_004,41
2015-06-01,FOODS_3,FOODS_3_004,38
2015-07-01,FOODS_3,FOODS_3_004,41
2015-08-01,FOODS_3,FOODS_3_004,34
2015-09-01,FOODS_3,FOODS_3_004,38
2015-10-01,FOODS_3,FOODS_3_004,32
2015-11-01,FOODS_3,FOODS_3_004,19
2015-12-01,FOODS_3,FOODS_3_004,24
2016-01-01,FOODS_3,FOODS_3_004,30
2016-02-01,FOODS_3,FOODS_3_004,38
2016-03-01,FOODS_3,FOODS_3_004,17
2016-04-01,FOODS_3,FOODS_3_004,27
2016-05-01,FOODS_3,FOODS_3_004,21
2011-01-01,FOODS_3,FOODS_3_021,0
2011-02-01,FOODS_3,FOODS_3_021,0
2011-03-01,FOODS_3,FOODS_3_021,0
2011-04-01,FOODS_3,FOODS_3_021,0
2011-05-01,FOODS_3,FOODS_3_021,0
2011-06-01,FOODS_3,FOODS_3_021,0
2011-07-01,FOODS_3,FOODS_3_021,0
2011-08-01,FOODS_3,FOODS_3_021,0
2011-09-01,FOODS_3,FOODS_3_021,0
2011-10-01,FOODS_3,FOODS_3_021,0
2011-11-01,FOODS_3,FOODS_3_021,0
2011-12-01,FOODS_3,FOODS_3_021,0
2012-01-01,FOODS_3,FOODS_3_021,1
2012-02-01,FOODS_3,FOODS_3_021,41
2012-03-01,FOODS_3,FOODS_3_021,163
2012-04-01,FOODS_3,FOODS_3_021,127
2012-05-01,FOODS_3,FOODS_3_021,17
2012-06-01,FOODS_3,FOODS_3_021,110
2012-07-01,FOODS_3,FOODS_3_021,72
2012-08-01,FOODS_3,FOODS_3_021,93
2012-09-01,FOODS_3,FOODS_3_021,116
2012-10-01,FOODS_3,FOODS_3_021,115
2012-11-01,FOODS_3,FOODS_3_021,92
2012-12-01,FOODS_3,FOODS_3_021,78
2013-01-01,FOODS_3,FOODS_3_021,65
2013-02-01,FOODS_3,FOODS_3_021,0
2013-03-01,FOODS_3,FOODS_3_021,0
2013-04-01,FOODS_3,FOODS_3_021,35
2013-05-01,FOODS_3,FOODS_3_021,1
2013-06-01,FOODS_3,FOODS_3_021,0
2013-07-01,FOODS_3,FOODS_3_021,0
2013-08-01,FOODS_3,FOODS_3_021,41
2013-09-01,FOODS_3,FOODS_3_021,267
2013-10-01,FOODS_3,FOODS_3_021,279
2013-11-01,FOODS_3,FOODS_3_021,178
2013-12-01,FOODS_3,FOODS_3_021,147
2014-01-01,FOODS_3,FOODS_3_021,127
2014-02-01,FOODS_3,FOODS_3_021,186
2014-03-01,FOODS_3,FOODS_3_021,166
2014-04-01,FOODS_3,FOODS_3_021,132
2014-05-01,FOODS_3,FOODS_3_021,157
2014-06-01,FOODS_3,FOODS_3_021,106
2014-07-01,FOODS_3,FOODS_3_021,113
2014-08-01,FOODS_3,FOODS_3_021,135
2014-09-01,FOODS_3,FOODS_3_021,131
2014-10-01,FOODS_3,FOODS_3_021,132
2014-11-01,FOODS_3,FOODS_3_021,79
2014-12-01,FOODS_3,FOODS_3_021,102
2015-01-01,FOODS_3,FOODS_3_021,65
2015-02-01,FOODS_3,FOODS_3_021,70
2015-03-01,FOODS_3,FOODS_3_021,70
2015-04-01,FOODS_3,FOODS_3_021,72
2015-05-01,FOODS_3,FOODS_3_021,43
2015-06-01,FOODS_3,FOODS_3_021,46
2015-07-01,FOODS_3,FOODS_3_021,53
2015-08-01,FOODS_3,FOODS_3_021,42
2015-09-01,FOODS_3,FOODS_3_021,55
2015-10-01,FOODS_3,FOODS_3_021,42
2015-11-01,FOODS_3,FOODS_3_021,40
2015-12-01,FOODS_3,FOODS_3_021,30
2016-01-01,FOODS_3,FOODS_3_021,50
2016-02-01,FOODS_3,FOODS_3_021,54
2016-03-01,FOODS_3,FOODS_3_021,26
2016-04-01,FOODS_3,FOODS_3_021,35
2016-05-01,FOODS_3,FOODS_3_021,35
2011-01-01,FOODS_3,FOODS_3_027,0
2011-02-01,FOODS_3,FOODS_3_027,0
2011-03-01,FOODS_3,FOODS_3_027,0
2011-04-01,FOODS_3,FOODS_3_027,0
2011-05-01,FOODS_3,FOODS_3_027,0
2011-06-01,FOODS_3,FOODS_3_027,0
2011-07-01,FOODS_3,FOODS_3_027,0
2011-08-01,FOODS_3,FOODS_3_027,0
2011-09-01,FOODS_3,FOODS_3_027,43
2011-10-01,FOODS_3,FOODS_3_027,74
2011-11-01,FOODS_3,FOODS_3_027,40
2011-12-01,FOODS_3,FOODS_3_027,70
2012-01-01,FOODS_3,FOODS_3_027,58
2012-02-01,FOODS_3,FOODS_3_027,51
2012-03-01,FOODS_3,FOODS_3_027,63
2012-04-01,FOODS_3,FOODS_3_027,58
2012-05-01,FOODS_3,FOODS_3_027,63
2012-06-01,FOODS_3,FOODS_3_027,27
2012-07-01,FOODS_3,FOODS_3_027,0
2012-08-01,FOODS_3,FOODS_3_027,0
2012-09-01,FOODS_3,FOODS_3_027,0
2012-10-01,FOODS_3,FOODS_3_027,0
2012-11-01,FOODS_3,FOODS_3_027,0
2012-12-01,FOODS_3,FOODS_3_027,0
2013-01-01,FOODS_3,FOODS_3_027,8
2013-02-01,FOODS_3,FOODS_3_027,85
2013-03-01,FOODS_3,FOODS_3_027,72
2013-04-01,FOODS_3,FOODS_3_027,39
2013-05-01,FOODS_3,FOODS_3_027,32
2013-06-01,FOODS_3,FOODS_3_027,50
2013-07-01,FOODS_3,FOODS_3_027,0
2013-08-01,FOODS_3,FOODS_3_027,0
2013-09-01,FOODS_3,FOODS_3_027,11
2013-10-01,FOODS_3,FOODS_3_027,54
2013-11-01,FOODS_3,FOODS_3_027,48
2013-12-01,FOODS_3,FOODS_3_027,45
2014-01-01,FOODS_3,FOODS_3_027,51
2014-02-01,FOODS_3,FOODS_3_027,9
2014-03-01,FOODS_3,FOODS_3_027,0
2014-04-01,FOODS_3,FOODS_3_027,0
2014-05-01,FOODS_3,FOODS_3_027,0
2014-06-01,FOODS_3,FOODS_3_027,0
2014-07-01,FOODS_3,FOODS_3_027,0
2014-08-01,FOODS_3,FOODS_3_027,0
2014-09-01,FOODS_3,FOODS_3_027,0
2014-10-01,FOODS_3,FOODS_3_027,0
2014-11-01,FOODS_3,FOODS_3_027,87
2014-12-01,FOODS_3,FOODS_3_027,80
2015-01-01,FOODS_3,FOODS_3_027,69
2015-02-01,FOODS_3,FOODS_3_027,11
2015-03-01,FOODS_3,FOODS_3_027,0
2015-04-01,FOODS_3,FOODS_3_027,0
2015-05-01,FOODS_3,FOODS_3_027,0
2015-06-01,FOODS_3,FOODS_3_027,0
2015-07-01,FOODS_3,FOODS_3_027,0
2015-08-01,FOODS_3,FOODS_3_027,0
2015-09-01,FOODS_3,FOODS_3_027,0
2015-10-01,FOODS_3,FOODS_3_027,2
2015-11-01,FOODS_3,FOODS_3_027,25
2015-12-01,FOODS_3,FOODS_3_027,25
2016-01-01,FOODS_3,FOODS_3_027,22
2016-02-01,FOODS_3,FOODS_3_027,16
2016-03-01,FOODS_3,FOODS_3_027,26
2016-04-01,FOODS_3,FOODS_3_027,10
2016-05-01,FOODS_3,FOODS_3_027,11
2011-01-01,FOODS_3,FOODS_3_032,0
2011-02-01,FOODS_3,FOODS_3_032,0
2011-03-01,FOODS_3,FOODS_3_032,0
2011-04-01,FOODS_3,FOODS_3_032,0
2011-05-01,FOODS_3,FOODS_3_032,0
2011-06-01,FOODS_3,FOODS_3_032,0
2011-07-01,FOODS_3,FOODS_3_032,0
2011-08-01,FOODS_3,FOODS_3_032,0
2011-09-01,FOODS_3,FOODS_3_032,0
2011-10-01,FOODS_3,FOODS_3_032,0
2011-11-01,FOODS_3,FOODS_3_032,0
2011-12-01,FOODS_3,FOODS_3_032,0
2012-01-01,FOODS_3,FOODS_3_032,0
2012-02-01,FOODS_3,FOODS_3_032,0
2012-03-01,FOODS_3,FOODS_3_032,0
2012-04-01,FOODS_3,FOODS_3_032,0
2012-05-01,FOODS_3,FOODS_3_032,0
2012-06-01,FOODS_3,FOODS_3_032,0
2012-07-01,FOODS_3,FOODS_3_032,0
2012-08-01,FOODS_3,FOODS_3_032,0
2012-09-01,FOODS_3,FOODS_3_032,0
2012-10-01,FOODS_3,FOODS_3_032,0
2012-11-01,FOODS_3,FOODS_3_032,0
2012-12-01,FOODS_3,FOODS_3_032,0
2013-01-01,FOODS_3,FOODS_3_032,40
2013-02-01,FOODS_3,FOODS_3_032,86
2013-03-01,FOODS_3,FOODS_3_032,1
2013-04-01,FOODS_3,FOODS_3_032,2
2013-05-01,FOODS_3,FOODS_3_032,67
2013-06-01,FOODS_3,FOODS_3_032,60
2013-07-01,FOODS_3,FOODS_3_032,67
2013-08-01,FOODS_3,FOODS_3_032,67
2013-09-01,FOODS_3,FOODS_3_032,61
2013-10-01,FOODS_3,FOODS_3_032,65
2013-11-01,FOODS_3,FOODS_3_032,47
2013-12-01,FOODS_3,FOODS_3_032,52
2014-01-01,FOODS_3,FOODS_3_032,67
2014-02-01,FOODS_3,FOODS_3_032,59
2014-03-01,FOODS_3,FOODS_3_032,70
2014-04-01,FOODS_3,FOODS_3_032,64
2014-05-01,FOODS_3,FOODS_3_032,79
2014-06-01,FOODS_3,FOODS_3_032,83
2014-07-01,FOODS_3,FOODS_3_032,85
2014-08-01,FOODS_3,FOODS_3_032,83
2014-09-01,FOODS_3,FOODS_3_032,65
2014-10-01,FOODS_3,FOODS_3_032,66
2014-11-01,FOODS_3,FOODS_3_032,58
2014-12-01,FOODS_3,FOODS_3_032,57
2015-01-01,FOODS_3,FOODS_3_032,76
2015-02-01,FOODS_3,FOODS_3_032,82
2015-03-01,FOODS_3,FOODS_3_032,62
2015-04-01,FOODS_3,FOODS_3_032,45
2015-05-01,FOODS_3,FOODS_3_032,69
2015-06-01,FOODS_3,FOODS_3_032,50
2015-07-01,FOODS_3,FOODS_3_032,51
2015-08-01,FOODS_3,FOODS_3_032,43
2015-09-01,FOODS_3,FOODS_3_032,33
2015-10-01,FOODS_3,FOODS_3_032,35
2015-11-01,FOODS_3,FOODS_3_032,40
2015-12-01,FOODS_3,FOODS_3_032,24
2016-01-01,FOODS_3,FOODS_3_032,35
2016-02-01,FOODS_3,FOODS_3_032,40
2016-03-01,FOODS_3,FOODS_3_032,34
2016-04-01,FOODS_3,FOODS_3_032,37
2016-05-01,FOODS_3,FOODS_3_032,23
2011-01-01,FOODS_3,FOODS_3_100,0
2011-02-01,FOODS_3,FOODS_3_100,0
2011-03-01,FOODS_3,FOODS_3_100,0
2011-04-01,FOODS_3,FOODS_3_100,0
2011-05-01,FOODS_3,FOODS_3_100,0
2011-06-01,FOODS_3,FOODS_3_100,0
2011-07-01,FOODS_3,FOODS_3_100,0
2011-08-01,FOODS_3,FOODS_3_100,0
2011-09-01,FOODS_3,FOODS_3_100,0
2011-10-01,FOODS_3,FOODS_3_100,0
2011-11-01,FOODS_3,FOODS_3_100,0
2011-12-01,FOODS_3,FOODS_3_100,0
2012-01-01,FOODS_3,FOODS_3_100,0
2012-02-01,FOODS_3,FOODS_3_100,0
2012-03-01,FOODS_3,FOODS_3_100,0
2012-04-01,FOODS_3,FOODS_3_100,0
2012-05-01,FOODS_3,FOODS_3_100,0
2012-06-01,FOODS_3,FOODS_3_100,0
2012-07-01,FOODS_3,FOODS_3_100,0
2012-08-01,FOODS_3,FOODS_3_100,0
2012-09-01,FOODS_3,FOODS_3_100,15
2012-10-01,FOODS_3,FOODS_3_100,20
2012-11-01,FOODS_3,FOODS_3_100,9
2012-12-01,FOODS_3,FOODS_3_100,26
2013-01-01,FOODS_3,FOODS_3_100,26
2013-02-01,FOODS_3,FOODS_3_100,24
2013-03-01,FOODS_3,FOODS_3_100,25
2013-04-01,FOODS_3,FOODS_3_100,21
2013-05-01,FOODS_3,FOODS_3_100,48
2013-06-01,FOODS_3,FOODS_3_100,40
2013-07-01,FOODS_3,FOODS_3_100,24
2013-08-01,FOODS_3,FOODS_3_100,23
2013-09-01,FOODS_3,FOODS_3_100,27
2013-10-01,FOODS_3,FOODS_3_100,24
2013-11-01,FOODS_3,FOODS_3_100,22
2013-12-01,FOODS_3,FOODS_3_100,10
2014-01-01,FOODS_3,FOODS_3_100,6
2014-02-01,FOODS_3,FOODS_3_100,22
2014-03-01,FOODS_3,FOODS_3_100,27
2014-04-01,FOODS_3,FOODS_3_100,24
2014-05-01,FOODS_3,FOODS_3_100,25
2014-06-01,FOODS_3,FOODS_3_100,30
2014-07-01,FOODS_3,FOODS_3_100,29
2014-08-01,FOODS_3,FOODS_3_100,34
2014-09-01,FOODS_3,FOODS_3_100,11
2014-10-01,FOODS_3,FOODS_3_100,14
2014-11-01,FOODS_3,FOODS_3_100,30
2014-12-01,FOODS_3,FOODS_3_100,29
2015-01-01,FOODS_3,FOODS_3_100,31
2015-02-01,FOODS_3,FOODS_3_100,23
2015-03-01,FOODS_3,FOODS_3_100,33
2015-04-01,FOODS_3,FOODS_3_100,27
2015-05-01,FOODS_3,FOODS_3_100,35
2015-06-01,FOODS_3,FOODS_3_100,33
2015-07-01,FOODS_3,FOODS_3_100,34
2015-08-01,FOODS_3,FOODS_3_100,30
2015-09-01,FOODS_3,FOODS_3_100,6
2015-10-01,FOODS_3,FOODS_3_100,6
2015-11-01,FOODS_3,FOODS_3_100,0
2015-12-01,FOODS_3,FOODS_3_100,23
2016-01-01,FOODS_3,FOODS_3_100,6
2016-02-01,FOODS_3,FOODS_3_100,18
2016-03-01,FOODS_3,FOODS_3_100,11
2016-04-01,FOODS_3,FOODS_3_100,14
2016-05-01,FOODS_3,FOODS_3_100,18
2011-01-01,FOODS_3,FOODS_3_116,17
2011-02-01,FOODS_3,FOODS_3_116,193
2011-03-01,FOODS_3,FOODS_3_116,212
2011-04-01,FOODS_3,FOODS_3_116,247
2011-05-01,FOODS_3,FOODS_3_116,221
2011-06-01,FOODS_3,FOODS_3_116,226
2011-07-01,FOODS_3,FOODS_3_116,244
2011-08-01,FOODS_3,FOODS_3_116,215
2011-09-01,FOODS_3,FOODS_3_116,234
2011-10-01,FOODS_3,FOODS_3_116,165
2011-11-01,FOODS_3,FOODS_3_116,155
2011-12-01,FOODS_3,FOODS_3_116,120
2012-01-01,FOODS_3,FOODS_3_116,101
2012-02-01,FOODS_3,FOODS_3_116,43
2012-03-01,FOODS_3,FOODS_3_116,107
2012-04-01,FOODS_3,FOODS_3_116,104
2012-05-01,FOODS_3,FOODS_3_116,90
2012-06-01,FOODS_3,FOODS_3_116,101
2012-07-01,FOODS_3,FOODS_3_116,95
2012-08-01,FOODS_3,FOODS_3_116,115
2012-09-01,FOODS_3,FOODS_3_116,108
2012-10-01,FOODS_3,FOODS_3_116,103
2012-11-01,FOODS_3,FOODS_3_116,103
2012-12-01,FOODS_3,FOODS_3_116,42
2013-01-01,FOODS_3,FOODS_3_116,62
2013-02-01,FOODS_3,FOODS_3_116,66
2013-03-01,FOODS_3,FOODS_3_116,45
2013-04-01,FOODS_3,FOODS_3_116,53
2013-05-01,FOODS_3,FOODS_3_116,74
2013-06-01,FOODS_3,FOODS_3_116,86
2013-07-01,FOODS_3,FOODS_3_116,108
2013-08-01,FOODS_3,FOODS_3_116,159
2013-09-01,FOODS_3,FOODS_3_116,99
2013-10-01,FOODS_3,FOODS_3_116,134
2013-11-01,FOODS_3,FOODS_3_116,53
2013-12-01,FOODS_3,FOODS_3_116,64
2014-01-01,FOODS_3,FOODS_3_116,51
2014-02-01,FOODS_3,FOODS_3_116,54
2014-03-01,FOODS_3,FOODS_3_116,110
2014-04-01,FOODS_3,FOODS_3_116,111
2014-05-01,FOODS_3,FOODS_3_116,15
2014-06-01,FOODS_3,FOODS_3_116,0
2014-07-01,FOODS_3,FOODS_3_116,0
2014-08-01,FOODS_3,FOODS_3_116,28
2014-09-01,FOODS_3,FOODS_3_116,0
2014-10-01,FOODS_3,FOODS_3_116,0
2014-11-01,FOODS_3,FOODS_3_116,64
2014-12-01,FOODS_3,FOODS_3_116,107
2015-01-01,FOODS_3,FOODS_3_116,129
2015-02-01,FOODS_3,FOODS_3_116,90
2015-03-01,FOODS_3,FOODS_3_116,117
2015-04-01,FOODS_3,FOODS_3_116,98
2015-05-01,FOODS_3,FOODS_3_116,158
2015-06-01,FOODS_3,FOODS_3_116,89
2015-07-01,FOODS_3,FOODS_3_116,50
2015-08-01,FOODS_3,FOODS_3_116,0
2015-09-01,FOODS_3,FOODS_3_116,0
2015-10-01,FOODS_3,FOODS_3_116,0
2015-11-01,FOODS_3,FOODS_3_116,0
2015-12-01,FOODS_3,FOODS_3_116,49
2016-01-01,FOODS_3,FOODS_3_116,49
2016-02-01,FOODS_3,FOODS_3_116,78
2016-03-01,FOODS_3,FOODS_3_116,120
2016-04-01,FOODS_3,FOODS_3_116,98
2016-05-01,FOODS_3,FOODS_3_116,49
2011-01-01,FOODS_3,FOODS_3_131,0
2011-02-01,FOODS_3,FOODS_3_131,0
2011-03-01,FOODS_3,FOODS_3_131,0
2011-04-01,FOODS_3,FOODS_3_131,0
2011-05-01,FOODS_3,FOODS_3_131,0
2011-06-01,FOODS_3,FOODS_3_131,0
2011-07-01,FOODS_3,FOODS_3_131,0
2011-08-01,FOODS_3,FOODS_3_131,70
2011-09-01,FOODS_3,FOODS_3_131,92
2011-10-01,FOODS_3,FOODS_3_131,171
2011-11-01,FOODS_3,FOODS_3_131,173
2011-12-01,FOODS_3,FOODS_3_131,155
2012-01-01,FOODS_3,FOODS_3_131,203
2012-02-01,FOODS_3,FOODS_3_131,116
2012-03-01,FOODS_3,FOODS_3_131,177
2012-04-01,FOODS_3,FOODS_3_131,149
2012-05-01,FOODS_3,FOODS_3_131,165
2012-06-01,FOODS_3,FOODS_3_131,154
2012-07-01,FOODS_3,FOODS_3_131,95
2012-08-01,FOODS_3,FOODS_3_131,0
2012-09-01,FOODS_3,FOODS_3_131,67
2012-10-01,FOODS_3,FOODS_3_131,43
2012-11-01,FOODS_3,FOODS_3_131,43
2012-12-01,FOODS_3,FOODS_3_131,23
2013-01-01,FOODS_3,FOODS_3_131,44
2013-02-01,FOODS_3,FOODS_3_131,36
2013-03-01,FOODS_3,FOODS_3_131,56
2013-04-01,FOODS_3,FOODS_3_131,53
2013-05-01,FOODS_3,FOODS_3_131,65
2013-06-01,FOODS_3,FOODS_3_131,94
2013-07-01,FOODS_3,FOODS_3_131,64
2013-08-01,FOODS_3,FOODS_3_131,17
2013-09-01,FOODS_3,FOODS_3_131,68
2013-10-01,FOODS_3,FOODS_3_131,44
2013-11-01,FOODS_3,FOODS_3_131,48
2013-12-01,FOODS_3,FOODS_3_131,47
2014-01-01,FOODS_3,FOODS_3_131,82
2014-02-01,FOODS_3,FOODS_3_131,69
2014-03-01,FOODS_3,FOODS_3_131,94
2014-04-01,FOODS_3,FOODS_3_131,82
2014-05-01,FOODS_3,FOODS_3_131,79
2014-06-01,FOODS_3,FOODS_3_131,94
2014-07-01,FOODS_3,FOODS_3_131,94
2014-08-01,FOODS_3,FOODS_3_131,88
2014-09-01,FOODS_3,FOODS_3_131,90
2014-10-01,FOODS_3,FOODS_3_131,87
2014-11-01,FOODS_3,FOODS_3_131,90
2014-12-01,FOODS_3,FOODS_3_131,75
2015-01-01,FOODS_3,FOODS_3_131,26
2015-02-01,FOODS_3,FOODS_3_131,83
2015-03-01,FOODS_3,FOODS_3_131,74
2015-04-01,FOODS_3,FOODS_3_131,67
2015-05-01,FOODS_3,FOODS_3_131,82
2015-06-01,FOODS_3,FOODS_3_131,67
2015-07-01,FOODS_3,FOODS_3_131,93
2015-08-01,FOODS_3,FOODS_3_131,78
2015-09-01,FOODS_3,FOODS_3_131,85
2015-10-01,FOODS_3,FOODS_3_131,81
2015-11-01,FOODS_3,FOODS_3_131,71
2015-12-01,FOODS_3,FOODS_3_131,49
2016-01-01,FOODS_3,FOODS_3_131,79
2016-02-01,FOODS_3,FOODS_3_131,68
2016-03-01,FOODS_3,FOODS_3_131,57
2016-04-01,FOODS_3,FOODS_3_131,80
2016-05-01,FOODS_3,FOODS_3_131,53
2011-01-01,FOODS_3,FOODS_3_168,0
2011-02-01,FOODS_3,FOODS_3_168,19
2011-03-01,FOODS_3,FOODS_3_168,36
2011-04-01,FOODS_3,FOODS_3_168,34
2011-05-01,FOODS_3,FOODS_3_168,33
2011-06-01,FOODS_3,FOODS_3_168,22
2011-07-01,FOODS_3,FOODS_3_168,14
2011-08-01,FOODS_3,FOODS_3_168,20
2011-09-01,FOODS_3,FOODS_3_168,24
2011-10-01,FOODS_3,FOODS_3_168,17
2011-11-01,FOODS_3,FOODS_3_168,23
2011-12-01,FOODS_3,FOODS_3_168,19
2012-01-01,FOODS_3,FOODS_3_168,19
2012-02-01,FOODS_3,FOODS_3_168,21
2012-03-01,FOODS_3,FOODS_3_168,19
2012-04-01,FOODS_3,FOODS_3_168,19
2012-05-01,FOODS_3,FOODS_3_168,20
2012-06-01,FOODS_3,FOODS_3_168,20
2012-07-01,FOODS_3,FOODS_3_168,26
2012-08-01,FOODS_3,FOODS_3_168,21
2012-09-01,FOODS_3,FOODS_3_168,14
2012-10-01,FOODS_3,FOODS_3_168,1
2012-11-01,FOODS_3,FOODS_3_168,0
2012-12-01,FOODS_3,FOODS_3_168,0
2013-01-01,FOODS_3,FOODS_3_168,0
2013-02-01,FOODS_3,FOODS_3_168,0
2013-03-01,FOODS_3,FOODS_3_168,0
2013-04-01,FOODS_3,FOODS_3_168,0
2013-05-01,FOODS_3,FOODS_3_168,0
2013-06-01,FOODS_3,FOODS_3_168,0
2013-07-01,FOODS_3,FOODS_3_168,0
2013-08-01,FOODS_3,FOODS_3_168,7
2013-09-01,FOODS_3,FOODS_3_168,34
2013-10-01,FOODS_3,FOODS_3_168,26
2013-11-01,FOODS_3,FOODS_3_168,31
2013-12-01,FOODS_3,FOODS_3_168,21
2014-01-01,FOODS_3,FOODS_3_168,18
2014-02-01,FOODS_3,FOODS_3_168,19
2014-03-01,FOODS_3,FOODS_3_168,29
2014-04-01,FOODS_3,FOODS_3_168,16
2014-05-01,FOODS_3,FOODS_3_168,19
2014-06-01,FOODS_3,FOODS_3_168,13
2014-07-01,FOODS_3,FOODS_3_168,11
2014-08-01,FOODS_3,FOODS_3_168,24
2014-09-01,FOODS_3,FOODS_3_168,12
2014-10-01,FOODS_3,FOODS_3_168,20
2014-11-01,FOODS_3,FOODS_3_168,19
2014-12-01,FOODS_3,FOODS_3_168,14
2015-01-01,FOODS_3,FOODS_3_168,11
2015-02-01,FOODS_3,FOODS_3_168,16
2015-03-01,FOODS_3,FOODS_3_168,22
2015-04-01,FOODS_3,FOODS_3_168,20
2015-05-01,FOODS_3,FOODS_3_168,18
2015-06-01,FOODS_3,FOODS_3_168,33
2015-07-01,FOODS_3,FOODS_3_168,20
2015-08-01,FOODS_3,FOODS_3_168,28
2015-09-01,FOODS_3,FOODS_3_168,21
2015-10-01,FOODS_3,FOODS_3_168,27
2015-11-01,FOODS_3,FOODS_3_168,21
2015-12-01,FOODS_3,FOODS_3_168,22
2016-01-01,FOODS_3,FOODS_3_168,32
2016-02-01,FOODS_3,FOODS_3_168,18
2016-03-01,FOODS_3,FOODS_3_168,33
2016-04-01,FOODS_3,FOODS_3_168,41
2016-05-01,FOODS_3,FOODS_3_168,18
2011-01-01,FOODS_3,FOODS_3_184,14
2011-02-01,FOODS_3,FOODS_3_184,78
2011-03-01,FOODS_3,FOODS_3_184,85
2011-04-01,FOODS_3,FOODS_3_184,76
2011-05-01,FOODS_3,FOODS_3_184,62
2011-06-01,FOODS_3,FOODS_3_184,83
2011-07-01,FOODS_3,FOODS_3_184,99
2011-08-01,FOODS_3,FOODS_3_184,98
2011-09-01,FOODS_3,FOODS_3_184,89
2011-10-01,FOODS_3,FOODS_3_184,106
2011-11-01,FOODS_3,FOODS_3_184,63
2011-12-01,FOODS_3,FOODS_3_184,85
2012-01-01,FOODS_3,FOODS_3_184,133
2012-02-01,FOODS_3,FOODS_3_184,103
2012-03-01,FOODS_3,FOODS_3_184,95
2012-04-01,FOODS_3,FOODS_3_184,86
2012-05-01,FOODS_3,FOODS_3_184,151
2012-06-01,FOODS_3,FOODS_3_184,21
2012-07-01,FOODS_3,FOODS_3_184,86
2012-08-01,FOODS_3,FOODS_3_184,84
2012-09-01,FOODS_3,FOODS_3_184,90
2012-10-01,FOODS_3,FOODS_3_184,99
2012-11-01,FOODS_3,FOODS_3_184,67
2012-12-01,FOODS_3,FOODS_3_184,98
2013-01-01,FOODS_3,FOODS_3_184,38
2013-02-01,FOODS_3,FOODS_3_184,39
2013-03-01,FOODS_3,FOODS_3_184,102
2013-04-01,FOODS_3,FOODS_3_184,80
2013-05-01,FOODS_3,FOODS_3_184,95
2013-06-01,FOODS_3,FOODS_3_184,74
2013-07-01,FOODS_3,FOODS_3_184,102
2013-08-01,FOODS_3,FOODS_3_184,55
2013-09-01,FOODS_3,FOODS_3_184,50
2013-10-01,FOODS_3,FOODS_3_184,103
2013-11-01,FOODS_3,FOODS_3_184,86
2013-12-01,FOODS_3,FOODS_3_184,94
2014-01-01,FOODS_3,FOODS_3_184,67
2014-02-01,FOODS_3,FOODS_3_184,86
2014-03-01,FOODS_3,FOODS_3_184,101
2014-04-01,FOODS_3,FOODS_3_184,63
2014-05-01,FOODS_3,FOODS_3_184,130
2014-06-01,FOODS_3,FOODS_3_184,116
2014-07-01,FOODS_3,FOODS_3_184,120
2014-08-01,FOODS_3,FOODS_3_184,103
2014-09-01,FOODS_3,FOODS_3_184,103
2014-10-01,FOODS_3,FOODS_3_184,86
2014-11-01,FOODS_3,FOODS_3_184,105
2014-12-01,FOODS_3,FOODS_3_184,83
2015-01-01,FOODS_3,FOODS_3_184,96
2015-02-01,FOODS_3,FOODS_3_184,84
2015-03-01,FOODS_3,FOODS_3_184,124
2015-04-01,FOODS_3,FOODS_3_184,100
2015-05-01,FOODS_3,FOODS_3_184,57
2015-06-01,FOODS_3,FOODS_3_184,72
2015-07-01,FOODS_3,FOODS_3_184,85
2015-08-01,FOODS_3,FOODS_3_184,75
2015-09-01,FOODS_3,FOODS_3_184,78
2015-10-01,FOODS_3,FOODS_3_184,81
2015-11-01,FOODS_3,FOODS_3_184,70
2015-12-01,FOODS_3,FOODS_3_184,32
2016-01-01,FOODS_3,FOODS_3_184,0
2016-02-01,FOODS_3,FOODS_3_184,0
2016-03-01,FOODS_3,FOODS_3_184,36
2016-04-01,FOODS_3,FOODS_3_184,97
2016-05-01,FOODS_3,FOODS_3_184,62
2011-01-01,FOODS_3,FOODS_3_307,0
2011-02-01,FOODS_3,FOODS_3_307,0
2011-03-01,FOODS_3,FOODS_3_307,0
2011-04-01,FOODS_3,FOODS_3_307,0
2011-05-01,FOODS_3,FOODS_3_307,0
2011-06-01,FOODS_3,FOODS_3_307,0
2011-07-01,FOODS_3,FOODS_3_307,0
2011-08-01,FOODS_3,FOODS_3_307,0
2011-09-01,FOODS_3,FOODS_3_307,0
2011-10-01,FOODS_3,FOODS_3_307,0
2011-11-01,FOODS_3,FOODS_3_307,0
2011-12-01,FOODS_3,FOODS_3_307,0
2012-01-01,FOODS_3,FOODS_3_307,0
2012-02-01,FOODS_3,FOODS_3_307,0
2012-03-01,FOODS_3,FOODS_3_307,0
2012-04-01,FOODS_3,FOODS_3_307,34
2012-05-01,FOODS_3,FOODS_3_307,85
2012-06-01,FOODS_3,FOODS_3_307,99
2012-07-01,FOODS_3,FOODS_3_307,110
2012-08-01,FOODS_3,FOODS_3_307,97
2012-09-01,FOODS_3,FOODS_3_307,102
2012-10-01,FOODS_3,FOODS_3_307,96
2012-11-01,FOODS_3,FOODS_3_307,97
2012-12-01,FOODS_3,FOODS_3_307,131
2013-01-01,FOODS_3,FOODS_3_307,74
2013-02-01,FOODS_3,FOODS_3_307,108
2013-03-01,FOODS_3,FOODS_3_307,111
2013-04-01,FOODS_3,FOODS_3_307,130
2013-05-01,FOODS_3,FOODS_3_307,124
2013-06-01,FOODS_3,FOODS_3_307,212
2013-07-01,FOODS_3,FOODS_3_307,176
2013-08-01,FOODS_3,FOODS_3_307,133
2013-09-01,FOODS_3,FOODS_3_307,126
2013-10-01,FOODS_3,FOODS_3_307,141
2013-11-01,FOODS_3,FOODS_3_307,177
2013-12-01,FOODS_3,FOODS_3_307,142
2014-01-01,FOODS_3,FOODS_3_307,135
2014-02-01,FOODS_3,FOODS_3_307,24
2014-03-01,FOODS_3,FOODS_3_307,0
2014-04-01,FOODS_3,FOODS_3_307,110
2014-05-01,FOODS_3,FOODS_3_307,152
2014-06-01,FOODS_3,FOODS_3_307,180
2014-07-01,FOODS_3,FOODS_3_307,223
2014-08-01,FOODS_3,FOODS_3_307,216
2014-09-01,FOODS_3,FOODS_3_307,188
2014-10-01,FOODS_3,FOODS_3_307,127
2014-11-01,FOODS_3,FOODS_3_307,152
2014-12-01,FOODS_3,FOODS_3_307,146
2015-01-01,FOODS_3,FOODS_3_307,115
2015-02-01,FOODS_3,FOODS_3_307,95
2015-03-01,FOODS_3,FOODS_3_307,0
2015-04-01,FOODS_3,FOODS_3_307,0
2015-05-01,FOODS_3,FOODS_3_307,0
2015-06-01,FOODS_3,FOODS_3_307,0
2015-07-01,FOODS_3,FOODS_3_307,0
2015-08-01,FOODS_3,FOODS_3_307,0
2015-09-01,FOODS_3,FOODS_3_307,0
2015-10-01,FOODS_3,FOODS_3_307,0
2015-11-01,FOODS_3,FOODS_3_307,0
2015-12-01,FOODS_3,FOODS_3_307,0
2016-01-01,FOODS_3,FOODS_3_307,17
2016-02-01,FOODS_3,FOODS_3_307,142
2016-03-01,FOODS_3,FOODS_3_307,161
2016-04-01,FOODS_3,FOODS_3_307,144
2016-05-01,FOODS_3,FOODS_3_307,110
2011-01-01,FOODS_3,FOODS_3_371,0
2011-02-01,FOODS_3,FOODS_3_371,0
2011-03-01,FOODS_3,FOODS_3_371,0
2011-04-01,FOODS_3,FOODS_3_371,0
2011-05-01,FOODS_3,FOODS_3_371,0
2011-06-01,FOODS_3,FOODS_3_371,0
2011-07-01,FOODS_3,FOODS_3_371,0
2011-08-01,FOODS_3,FOODS_3_371,0
2011-09-01,FOODS_3,FOODS_3_371,0
2011-10-01,FOODS_3,FOODS_3_371,0
2011-11-01,FOODS_3,FOODS_3_371,0
2011-12-01,FOODS_3,FOODS_3_371,0
2012-01-01,FOODS_3,FOODS_3_371,0
2012-02-01,FOODS_3,FOODS_3_371,0
2012-03-01,FOODS_3,FOODS_3_371,0
2012-04-01,FOODS_3,FOODS_3_371,0
2012-05-01,FOODS_3,FOODS_3_371,0
2012-06-01,FOODS_3,FOODS_3_371,0
2012-07-01,FOODS_3,FOODS_3_371,0
2012-08-01,FOODS_3,FOODS_3_371,0
2012-09-01,FOODS_3,FOODS_3_371,0
2012-10-01,FOODS_3,FOODS_3_371,0
2012-11-01,FOODS_3,FOODS_3_371,0
2012-12-01,FOODS_3,FOODS_3_371,0
2013-01-01,FOODS_3,FOODS_3_371,0
2013-02-01,FOODS_3,FOODS_3_371,0
2013-03-01,FOODS_3,FOODS_3_371,0
2013-04-01,FOODS_3,FOODS_3_371,0
2013-05-01,FOODS_3,FOODS_3_371,0
2013-06-01,FOODS_3,FOODS_3_371,0
2013-07-01,FOODS_3,FOODS_3_371,0
2013-08-01,FOODS_3,FOODS_3_371,0
2013-09-01,FOODS_3,FOODS_3_371,0
2013-10-01,FOODS_3,FOODS_3_371,0
2013-11-01,FOODS_3,FOODS_3_371,0
2013-12-01,FOODS_3,FOODS_3_371,0
2014-01-01,FOODS_3,FOODS_3_371,0
2014-02-01,FOODS_3,FOODS_3_371,0
2014-03-01,FOODS_3,FOODS_3_371,0
2014-04-01,FOODS_3,FOODS_3_371,0
2014-05-01,FOODS_3,FOODS_3_371,0
2014-06-01,FOODS_3,FOODS_3_371,11
2014-07-01,FOODS_3,FOODS_3_371,19
2014-08-01,FOODS_3,FOODS_3_371,24
2014-09-01,FOODS_3,FOODS_3_371,3
2014-10-01,FOODS_3,FOODS_3_371,3
2014-11-01,FOODS_3,FOODS_3_371,1
2014-12-01,FOODS_3,FOODS_3_371,4
2015-01-01,FOODS_3,FOODS_3_371,6
2015-02-01,FOODS_3,FOODS_3_371,0
2015-03-01,FOODS_3,FOODS_3_371,0
2015-04-01,FOODS_3,FOODS_3_371,0
2015-05-01,FOODS_3,FOODS_3_371,11
2015-06-01,FOODS_3,FOODS_3_371,9
2015-07-01,FOODS_3,FOODS_3_371,9
2015-08-01,FOODS_3,FOODS_3_371,13
2015-09-01,FOODS_3,FOODS_3_371,15
2015-10-01,FOODS_3,FOODS_3_371,0
2015-11-01,FOODS_3,FOODS_3_371,19
2015-12-01,FOODS_3,FOODS_3_371,17
2016-01-01,FOODS_3,FOODS_3_371,17
2016-02-01,FOODS_3,FOODS_3_371,23
2016-03-01,FOODS_3,FOODS_3_371,22
2016-04-01,FOODS_3,FOODS_3_371,29
2016-05-01,FOODS_3,FOODS_3_371,12
2011-01-01,FOODS_3,FOODS_3_404,10
2011-02-01,FOODS_3,FOODS_3_404,96
2011-03-01,FOODS_3,FOODS_3_404,142
2011-04-01,FOODS_3,FOODS_3_404,100
2011-05-01,FOODS_3,FOODS_3_404,155
2011-06-01,FOODS_3,FOODS_3_404,135
2011-07-01,FOODS_3,FOODS_3_404,238
2011-08-01,FOODS_3,FOODS_3_404,255
2011-09-01,FOODS_3,FOODS_3_404,32
2011-10-01,FOODS_3,FOODS_3_404,0
2011-11-01,FOODS_3,FOODS_3_404,93
2011-12-01,FOODS_3,FOODS_3_404,152
2012-01-01,FOODS_3,FOODS_3_404,181
2012-02-01,FOODS_3,FOODS_3_404,477
2012-03-01,FOODS_3,FOODS_3_404,743
2012-04-01,FOODS_3,FOODS_3_404,542
2012-05-01,FOODS_3,FOODS_3_404,364
2012-06-01,FOODS_3,FOODS_3_404,117
2012-07-01,FOODS_3,FOODS_3_404,270
2012-08-01,FOODS_3,FOODS_3_404,352
2012-09-01,FOODS_3,FOODS_3_404,314
2012-10-01,FOODS_3,FOODS_3_404,207
2012-11-01,FOODS_3,FOODS_3_404,177
2012-12-01,FOODS_3,FOODS_3_404,149
2013-01-01,FOODS_3,FOODS_3_404,130
2013-02-01,FOODS_3,FOODS_3_404,181
2013-03-01,FOODS_3,FOODS_3_404,457
2013-04-01,FOODS_3,FOODS_3_404,326
2013-05-01,FOODS_3,FOODS_3_404,304
2013-06-01,FOODS_3,FOODS_3_404,359
2013-07-01,FOODS_3,FOODS_3_404,505
2013-08-01,FOODS_3,FOODS_3_404,373
2013-09-01,FOODS_3,FOODS_3_404,429
2013-10-01,FOODS_3,FOODS_3_404,303
2013-11-01,FOODS_3,FOODS_3_404,195
2013-12-01,FOODS_3,FOODS_3_404,124
2014-01-01,FOODS_3,FOODS_3_404,258
2014-02-01,FOODS_3,FOODS_3_404,156
2014-03-01,FOODS_3,FOODS_3_404,114
2014-04-01,FOODS_3,FOODS_3_404,188
2014-05-01,FOODS_3,FOODS_3_404,142
2014-06-01,FOODS_3,FOODS_3_404,228
2014-07-01,FOODS_3,FOODS_3_404,193
2014-08-01,FOODS_3,FOODS_3_404,284
2014-09-01,FOODS_3,FOODS_3_404,311
2014-10-01,FOODS_3,FOODS_3_404,3
2014-11-01,FOODS_3,FOODS_3_404,37
2014-12-01,FOODS_3,FOODS_3_404,163
2015-01-01,FOODS_3,FOODS_3_404,130
2015-02-01,FOODS_3,FOODS_3_404,111
2015-03-01,FOODS_3,FOODS_3_404,175
2015-04-01,FOODS_3,FOODS_3_404,7
2015-05-01,FOODS_3,FOODS_3_404,0
2015-06-01,FOODS_3,FOODS_3_404,384
2015-07-01,FOODS_3,FOODS_3_404,558
2015-08-01,FOODS_3,FOODS_3_404,687
2015-09-01,FOODS_3,FOODS_3_404,571
2015-10-01,FOODS_3,FOODS_3_404,143
2015-11-01,FOODS_3,FOODS_3_404,0
2015-12-01,FOODS_3,FOODS_3_404,20
2016-01-01,FOODS_3,FOODS_3_404,227
2016-02-01,FOODS_3,FOODS_3_404,227
2016-03-01,FOODS_3,FOODS_3_404,272
2016-04-01,FOODS_3,FOODS_3_404,0
2016-05-01,FOODS_3,FOODS_3_404,0
2011-01-01,FOODS_3,FOODS_3_429,0
2011-02-01,FOODS_3,FOODS_3_429,0
2011-03-01,FOODS_3,FOODS_3_429,0
2011-04-01,FOODS_3,FOODS_3_429,0
2011-05-01,FOODS_3,FOODS_3_429,0
2011-06-01,FOODS_3,FOODS_3_429,0
2011-07-01,FOODS_3,FOODS_3_429,0
2011-08-01,FOODS_3,FOODS_3_429,0
2011-09-01,FOODS_3,FOODS_3_429,0
2011-10-01,FOODS_3,FOODS_3_429,0
2011-11-01,FOODS_3,FOODS_3_429,0
2011-12-01,FOODS_3,FOODS_3_429,0
2012-01-01,FOODS_3,FOODS_3_429,0
2012-02-01,FOODS_3,FOODS_3_429,0
2012-03-01,FOODS_3,FOODS_3_429,0
2012-04-01,FOODS_3,FOODS_3_429,0
2012-05-01,FOODS_3,FOODS_3_429,0
2012-06-01,FOODS_3,FOODS_3_429,0
2012-07-01,FOODS_3,FOODS_3_429,0
2012-08-01,FOODS_3,FOODS_3_429,0
2012-09-01,FOODS_3,FOODS_3_429,0
2012-10-01,FOODS_3,FOODS_3_429,0
2012-11-01,FOODS_3,FOODS_3_429,0
2012-12-01,FOODS_3,FOODS_3_429,0
2013-01-01,FOODS_3,FOODS_3_429,0
2013-02-01,FOODS_3,FOODS_3_429,0
2013-03-01,FOODS_3,FOODS_3_429,0
2013-04-01,FOODS_3,FOODS_3_429,0
2013-05-01,FOODS_3,FOODS_3_429,0
2013-06-01,FOODS_3,FOODS_3_429,0
2013-07-01,FOODS_3,FOODS_3_429,0
2013-08-01,FOODS_3,FOODS_3_429,0
2013-09-01,FOODS_3,FOODS_3_429,0
2013-10-01,FOODS_3,FOODS_3_429,0
2013-11-01,FOODS_3,FOODS_3_429,0
2013-12-01,FOODS_3,FOODS_3_429,2
2014-01-01,FOODS_3,FOODS_3_429,33
2014-02-01,FOODS_3,FOODS_3_429,51
2014-03-01,FOODS_3,FOODS_3_429,54
2014-04-01,FOODS_3,FOODS_3_429,35
2014-05-01,FOODS_3,FOODS_3_429,12
2014-06-01,FOODS_3,FOODS_3_429,69
2014-07-01,FOODS_3,FOODS_3_429,35
2014-08-01,FOODS_3,FOODS_3_429,62
2014-09-01,FOODS_3,FOODS_3_429,3
2014-10-01,FOODS_3,FOODS_3_429,43
2014-11-01,FOODS_3,FOODS_3_429,77
2014-12-01,FOODS_3,FOODS_3_429,98
2015-01-01,FOODS_3,FOODS_3_429,51
2015-02-01,FOODS_3,FOODS_3_429,27
2015-03-01,FOODS_3,FOODS_3_429,40
2015-04-01,FOODS_3,FOODS_3_429,64
2015-05-01,FOODS_3,FOODS_3_429,17
2015-06-01,FOODS_3,FOODS_3_429,36
2015-07-01,FOODS_3,FOODS_3_429,45
2015-08-01,FOODS_3,FOODS_3_429,60
2015-09-01,FOODS_3,FOODS_3_429,47
2015-10-01,FOODS_3,FOODS_3_429,47
2015-11-01,FOODS_3,FOODS_3_429,45
2015-12-01,FOODS_3,FOODS_3_429,57
2016-01-01,FOODS_3,FOODS_3_429,54
2016-02-01,FOODS_3,FOODS_3_429,39
2016-03-01,FOODS_3,FOODS_3_429,46
2016-04-01,FOODS_3,FOODS_3_429,64
2016-05-01,FOODS_3,FOODS_3_429,43
2011-01-01,FOODS_3,FOODS_3_465,22
2011-02-01,FOODS_3,FOODS_3_465,157
2011-03-01,FOODS_3,FOODS_3_465,143
2011-04-01,FOODS_3,FOODS_3_465,46
2011-05-01,FOODS_3,FOODS_3_465,0
2011-06-01,FOODS_3,FOODS_3_465,0
2011-07-01,FOODS_3,FOODS_3_465,0
2011-08-01,FOODS_3,FOODS_3_465,0
2011-09-01,FOODS_3,FOODS_3_465,60
2011-10-01,FOODS_3,FOODS_3_465,101
2011-11-01,FOODS_3,FOODS_3_465,95
2011-12-01,FOODS_3,FOODS_3_465,93
2012-01-01,FOODS_3,FOODS_3_465,111
2012-02-01,FOODS_3,FOODS_3_465,5
2012-03-01,FOODS_3,FOODS_3_465,0
2012-04-01,FOODS_3,FOODS_3_465,0
2012-05-01,FOODS_3,FOODS_3_465,0
2012-06-01,FOODS_3,FOODS_3_465,0
2012-07-01,FOODS_3,FOODS_3_465,0
2012-08-01,FOODS_3,FOODS_3_465,3
2012-09-01,FOODS_3,FOODS_3_465,0
2012-10-01,FOODS_3,FOODS_3_465,0
2012-11-01,FOODS_3,FOODS_3_465,0
2012-12-01,FOODS_3,FOODS_3_465,0
2013-01-01,FOODS_3,FOODS_3_465,0
2013-02-01,FOODS_3,FOODS_3_465,31
2013-03-01,FOODS_3,FOODS_3_465,59
2013-04-01,FOODS_3,FOODS_3_465,37
2013-05-01,FOODS_3,FOODS_3_465,40
2013-06-01,FOODS_3,FOODS_3_465,24
2013-07-01,FOODS_3,FOODS_3_465,42
2013-08-01,FOODS_3,FOODS_3_465,40
2013-09-01,FOODS_3,FOODS_3_465,19
2013-10-01,FOODS_3,FOODS_3_465,36
2013-11-01,FOODS_3,FOODS_3_465,52
2013-12-01,FOODS_3,FOODS_3_465,61
2014-01-01,FOODS_3,FOODS_3_465,58
2014-02-01,FOODS_3,FOODS_3_465,7
2014-03-01,FOODS_3,FOODS_3_465,0
2014-04-01,FOODS_3,FOODS_3_465,0
2014-05-01,FOODS_3,FOODS_3_465,0
2014-06-01,FOODS_3,FOODS_3_465,0
2014-07-01,FOODS_3,FOODS_3_465,0
2014-08-01,FOODS_3,FOODS_3_465,0
2014-09-01,FOODS_3,FOODS_3_465,0
2014-10-01,FOODS_3,FOODS_3_465,0
2014-11-01,FOODS_3,FOODS_3_465,0
2014-12-01,FOODS_3,FOODS_3_465,3
2015-01-01,FOODS_3,FOODS_3_465,35
2015-02-01,FOODS_3,FOODS_3_465,26
2015-03-01,FOODS_3,FOODS_3_465,33
2015-04-01,FOODS_3,FOODS_3_465,38
2015-05-01,FOODS_3,FOODS_3_465,33
2015-06-01,FOODS_3,FOODS_3_465,50
2015-07-01,FOODS_3,FOODS_3_465,66
2015-08-01,FOODS_3,FOODS_3_465,61
2015-09-01,FOODS_3,FOODS_3_465,39
2015-10-01,FOODS_3,FOODS_3_465,32
2015-11-01,FOODS_3,FOODS_3_465,4
2015-12-01,FOODS_3,FOODS_3_465,51
2016-01-01,FOODS_3,FOODS_3_465,31
2016-02-01,FOODS_3,FOODS_3_465,19
2016-03-01,FOODS_3,FOODS_3_465,44
2016-04-01,FOODS_3,FOODS_3_465,39
2016-05-01,FOODS_3,FOODS_3_465,36
2011-01-01,FOODS_3,FOODS_3_474,0
2011-02-01,FOODS_3,FOODS_3_474,0
2011-03-01,FOODS_3,FOODS_3_474,0
2011-04-01,FOODS_3,FOODS_3_474,0
2011-05-01,FOODS_3,FOODS_3_474,0
2011-06-01,FOODS_3,FOODS_3_474,0
2011-07-01,FOODS_3,FOODS_3_474,0
2011-08-01,FOODS_3,FOODS_3_474,0
2011-09-01,FOODS_3,FOODS_3_474,0
2011-10-01,FOODS_3,FOODS_3_474,0
2011-11-01,FOODS_3,FOODS_3_474,0
2011-12-01,FOODS_3,FOODS_3_474,0
2012-01-01,FOODS_3,FOODS_3_474,9
2012-02-01,FOODS_3,FOODS_3_474,40
2012-03-01,FOODS_3,FOODS_3_474,202
2012-04-01,FOODS_3,FOODS_3_474,378
2012-05-01,FOODS_3,FOODS_3_474,305
2012-06-01,FOODS_3,FOODS_3_474,184
2012-07-01,FOODS_3,FOODS_3_474,372
2012-08-01,FOODS_3,FOODS_3_474,368
2012-09-01,FOODS_3,FOODS_3_474,276
2012-10-01,FOODS_3,FOODS_3_474,255
2012-11-01,FOODS_3,FOODS_3_474,257
2012-12-01,FOODS_3,FOODS_3_474,366
2013-01-01,FOODS_3,FOODS_3_474,169
2013-02-01,FOODS_3,FOODS_3_474,282
2013-03-01,FOODS_3,FOODS_3_474,350
2013-04-01,FOODS_3,FOODS_3_474,227
2013-05-01,FOODS_3,FOODS_3_474,305
2013-06-01,FOODS_3,FOODS_3_474,300
2013-07-01,FOODS_3,FOODS_3_474,297
2013-08-01,FOODS_3,FOODS_3_474,218
2013-09-01,FOODS_3,FOODS_3_474,226
2013-10-01,FOODS_3,FOODS_3_474,227
2013-11-01,FOODS_3,FOODS_3_474,203
2013-12-01,FOODS_3,FOODS_3_474,199
2014-01-01,FOODS_3,FOODS_3_474,258
2014-02-01,FOODS_3,FOODS_3_474,209
2014-03-01,FOODS_3,FOODS_3_474,338
2014-04-01,FOODS_3,FOODS_3_474,294
2014-05-01,FOODS_3,FOODS_3_474,93
2014-06-01,FOODS_3,FOODS_3_474,159
2014-07-01,FOODS_3,FOODS_3_474,91
2014-08-01,FOODS_3,FOODS_3_474,196
2014-09-01,FOODS_3,FOODS_3_474,106
2014-10-01,FOODS_3,FOODS_3_474,118
2014-11-01,FOODS_3,FOODS_3_474,92
2014-12-01,FOODS_3,FOODS_3_474,98
2015-01-01,FOODS_3,FOODS_3_474,86
2015-02-01,FOODS_3,FOODS_3_474,105
2015-03-01,FOODS_3,FOODS_3_474,94
2015-04-01,FOODS_3,FOODS_3_474,155
2015-05-01,FOODS_3,FOODS_3_474,182
2015-06-01,FOODS_3,FOODS_3_474,138
2015-07-01,FOODS_3,FOODS_3_474,140
2015-08-01,FOODS_3,FOODS_3_474,106
2015-09-01,FOODS_3,FOODS_3_474,153
2015-10-01,FOODS_3,FOODS_3_474,158
2015-11-01,FOODS_3,FOODS_3_474,108
2015-12-01,FOODS_3,FOODS_3_474,100
2016-01-01,FOODS_3,FOODS_3_474,81
2016-02-01,FOODS_3,FOODS_3_474,88
2016-03-01,FOODS_3,FOODS_3_474,120
2016-04-01,FOODS_3,FOODS_3_474,219
2016-05-01,FOODS_3,FOODS_3_474,112
2011-01-01,FOODS_3,FOODS_3_502,0
2011-02-01,FOODS_3,FOODS_3_502,0
2011-03-01,FOODS_3,FOODS_3_502,0
2011-04-01,FOODS_3,FOODS_3_502,0
2011-05-01,FOODS_3,FOODS_3_502,0
2011-06-01,FOODS_3,FOODS_3_502,0
2011-07-01,FOODS_3,FOODS_3_502,0
2011-08-01,FOODS_3,FOODS_3_502,0
2011-09-01,FOODS_3,FOODS_3_502,0
2011-10-01,FOODS_3,FOODS_3_502,0
2011-11-01,FOODS_3,FOODS_3_502,0
2011-12-01,FOODS_3,FOODS_3_502,0
2012-01-01,FOODS_3,FOODS_3_502,0
2012-02-01,FOODS_3,FOODS_3_502,0
2012-03-01,FOODS_3,FOODS_3_502,0
2012-04-01,FOODS_3,FOODS_3_502,0
2012-05-01,FOODS_3,FOODS_3_502,0
2012-06-01,FOODS_3,FOODS_3_502,0
2012-07-01,FOODS_3,FOODS_3_502,0
2012-08-01,FOODS_3,FOODS_3_502,0
2012-09-01,FOODS_3,FOODS_3_502,0
2012-10-01,FOODS_3,FOODS_3_502,0
2012-11-01,FOODS_3,FOODS_3_502,0
2012-12-01,FOODS_3,FOODS_3_502,0
2013-01-01,FOODS_3,FOODS_3_502,0
2013-02-01,FOODS_3,FOODS_3_502,0
2013-03-01,FOODS_3,FOODS_3_502,0
2013-04-01,FOODS_3,FOODS_3_502,0
2013-05-01,FOODS_3,FOODS_3_502,0
2013-06-01,FOODS_3,FOODS_3_502,0
2013-07-01,FOODS_3,FOODS_3_502,78
2013-08-01,FOODS_3,FOODS_3_502,100
2013-09-01,FOODS_3,FOODS_3_502,134
2013-10-01,FOODS_3,FOODS_3_502,127
2013-11-01,FOODS_3,FOODS_3_502,101
2013-12-01,FOODS_3,FOODS_3_502,154
2014-01-01,FOODS_3,FOODS_3_502,140
2014-02-01,FOODS_3,FOODS_3_502,139
2014-03-01,FOODS_3,FOODS_3_502,131
2014-04-01,FOODS_3,FOODS_3_502,103
2014-05-01,FOODS_3,FOODS_3_502,119
2014-06-01,FOODS_3,FOODS_3_502,121
2014-07-01,FOODS_3,FOODS_3_502,113
2014-08-01,FOODS_3,FOODS_3_502,155
2014-09-01,FOODS_3,FOODS_3_502,152
2014-10-01,FOODS_3,FOODS_3_502,115
2014-11-01,FOODS_3,FOODS_3_502,79
2014-12-01,FOODS_3,FOODS_3_502,119
2015-01-01,FOODS_3,FOODS_3_502,127
2015-02-01,FOODS_3,FOODS_3_502,51
2015-03-01,FOODS_3,FOODS_3_502,73
2015-04-01,FOODS_3,FOODS_3_502,84
2015-05-01,FOODS_3,FOODS_3_502,85
2015-06-01,FOODS_3,FOODS_3_502,49
2015-07-01,FOODS_3,FOODS_3_502,85
2015-08-01,FOODS_3,FOODS_3_502,90
2015-09-01,FOODS_3,FOODS_3_502,64
2015-10-01,FOODS_3,FOODS_3_502,82
2015-11-01,FOODS_3,FOODS_3_502,49
2015-12-01,FOODS_3,FOODS_3_502,43
2016-01-01,FOODS_3,FOODS_3_502,78
2016-02-01,FOODS_3,FOODS_3_502,54
2016-03-01,FOODS_3,FOODS_3_502,46
2016-04-01,FOODS_3,FOODS_3_502,58
2016-05-01,FOODS_3,FOODS_3_502,47
2011-01-01,FOODS_3,FOODS_3_503,0
2011-02-01,FOODS_3,FOODS_3_503,0
2011-03-01,FOODS_3,FOODS_3_503,47
2011-04-01,FOODS_3,FOODS_3_503,0
2011-05-01,FOODS_3,FOODS_3_503,18
2011-06-01,FOODS_3,FOODS_3_503,25
2011-07-01,FOODS_3,FOODS_3_503,51
2011-08-01,FOODS_3,FOODS_3_503,64
2011-09-01,FOODS_3,FOODS_3_503,72
2011-10-01,FOODS_3,FOODS_3_503,106
2011-11-01,FOODS_3,FOODS_3_503,51
2011-12-01,FOODS_3,FOODS_3_503,10
2012-01-01,FOODS_3,FOODS_3_503,7
2012-02-01,FOODS_3,FOODS_3_503,0
2012-03-01,FOODS_3,FOODS_3_503,0
2012-04-01,FOODS_3,FOODS_3_503,26
2012-05-01,FOODS_3,FOODS_3_503,8
2012-06-01,FOODS_3,FOODS_3_503,59
2012-07-01,FOODS_3,FOODS_3_503,57
2012-08-01,FOODS_3,FOODS_3_503,81
2012-09-01,FOODS_3,FOODS_3_503,70
2012-10-01,FOODS_3,FOODS_3_503,70
2012-11-01,FOODS_3,FOODS_3_503,48
2012-12-01,FOODS_3,FOODS_3_503,72
2013-01-01,FOODS_3,FOODS_3_503,70
2013-02-01,FOODS_3,FOODS_3_503,43
2013-03-01,FOODS_3,FOODS_3_503,52
2013-04-01,FOODS_3,FOODS_3_503,60
2013-05-01,FOODS_3,FOODS_3_503,70
2013-06-01,FOODS_3,FOODS_3_503,67
2013-07-01,FOODS_3,FOODS_3_503,109
2013-08-01,FOODS_3,FOODS_3_503,188
2013-09-01,FOODS_3,FOODS_3_503,196
2013-10-01,FOODS_3,FOODS_3_503,213
2013-11-01,FOODS_3,FOODS_3_503,213
2013-12-01,FOODS_3,FOODS_3_503,216
2014-01-01,FOODS_3,FOODS_3_503,231
2014-02-01,FOODS_3,FOODS_3_503,218
2014-03-01,FOODS_3,FOODS_3_503,250
2014-04-01,FOODS_3,FOODS_3_503,218
2014-05-01,FOODS_3,FOODS_3_503,280
2014-06-01,FOODS_3,FOODS_3_503,178
2014-07-01,FOODS_3,FOODS_3_503,204
2014-08-01,FOODS_3,FOODS_3_503,151
2014-09-01,FOODS_3,FOODS_3_503,102
2014-10-01,FOODS_3,FOODS_3_503,73
2014-11-01,FOODS_3,FOODS_3_503,69
2014-12-01,FOODS_3,FOODS_3_503,62
2015-01-01,FOODS_3,FOODS_3_503,49
2015-02-01,FOODS_3,FOODS_3_503,30
2015-03-01,FOODS_3,FOODS_3_503,10
2015-04-01,FOODS_3,FOODS_3_503,13
2015-05-01,FOODS_3,FOODS_3_503,70
2015-06-01,FOODS_3,FOODS_3_503,76
2015-07-01,FOODS_3,FOODS_3_503,97
2015-08-01,FOODS_3,FOODS_3_503,96
2015-09-01,FOODS_3,FOODS_3_503,86
2015-10-01,FOODS_3,FOODS_3_503,86
2015-11-01,FOODS_3,FOODS_3_503,84
2015-12-01,FOODS_3,FOODS_3_503,73
2016-01-01,FOODS_3,FOODS_3_503,84
2016-02-01,FOODS_3,FOODS_3_503,67
2016-03-01,FOODS_3,FOODS_3_503,108
2016-04-01,FOODS_3,FOODS_3_503,143
2016-05-01,FOODS_3,FOODS_3_503,79
2011-01-01,FOODS_3,FOODS_3_564,0
2011-02-01,FOODS_3,FOODS_3_564,0
2011-03-01,FOODS_3,FOODS_3_564,1
2011-04-01,FOODS_3,FOODS_3_564,23
2011-05-01,FOODS_3,FOODS_3_564,0
2011-06-01,FOODS_3,FOODS_3_564,0
2011-07-01,FOODS_3,FOODS_3_564,0
2011-08-01,FOODS_3,FOODS_3_564,0
2011-09-01,FOODS_3,FOODS_3_564,61
2011-10-01,FOODS_3,FOODS_3_564,64
2011-11-01,FOODS_3,FOODS_3_564,17
2011-12-01,FOODS_3,FOODS_3_564,63
2012-01-01,FOODS_3,FOODS_3_564,45
2012-02-01,FOODS_3,FOODS_3_564,1
2012-03-01,FOODS_3,FOODS_3_564,0
2012-04-01,FOODS_3,FOODS_3_564,0
2012-05-01,FOODS_3,FOODS_3_564,0
2012-06-01,FOODS_3,FOODS_3_564,0
2012-07-01,FOODS_3,FOODS_3_564,0
2012-08-01,FOODS_3,FOODS_3_564,1
2012-09-01,FOODS_3,FOODS_3_564,0
2012-10-01,FOODS_3,FOODS_3_564,0
2012-11-01,FOODS_3,FOODS_3_564,0
2012-12-01,FOODS_3,FOODS_3_564,0
2013-01-01,FOODS_3,FOODS_3_564,0
2013-02-01,FOODS_3,FOODS_3_564,34
2013-03-01,FOODS_3,FOODS_3_564,10
2013-04-01,FOODS_3,FOODS_3_564,23
2013-05-01,FOODS_3,FOODS_3_564,34
2013-06-01,FOODS_3,FOODS_3_564,3
2013-07-01,FOODS_3,FOODS_3_564,34
2013-08-01,FOODS_3,FOODS_3_564,32
2013-09-01,FOODS_3,FOODS_3_564,38
2013-10-01,FOODS_3,FOODS_3_564,22
2013-11-01,FOODS_3,FOODS_3_564,16
2013-12-01,FOODS_3,FOODS_3_564,42
2014-01-01,FOODS_3,FOODS_3_564,29
2014-02-01,FOODS_3,FOODS_3_564,9
2014-03-01,FOODS_3,FOODS_3_564,0
2014-04-01,FOODS_3,FOODS_3_564,0
2014-05-01,FOODS_3,FOODS_3_564,0
2014-06-01,FOODS_3,FOODS_3_564,0
2014-07-01,FOODS_3,FOODS_3_564,0
2014-08-01,FOODS_3,FOODS_3_564,0
2014-09-01,FOODS_3,FOODS_3_564,0
2014-10-01,FOODS_3,FOODS_3_564,0
2014-11-01,FOODS_3,FOODS_3_564,0
2014-12-01,FOODS_3,FOODS_3_564,11
2015-01-01,FOODS_3,FOODS_3_564,2
2015-02-01,FOODS_3,FOODS_3_564,17
2015-03-01,FOODS_3,FOODS_3_564,35
2015-04-01,FOODS_3,FOODS_3_564,19
2015-05-01,FOODS_3,FOODS_3_564,5
2015-06-01,FOODS_3,FOODS_3_564,1
2015-07-01,FOODS_3,FOODS_3_564,11
2015-08-01,FOODS_3,FOODS_3_564,31
2015-09-01,FOODS_3,FOODS_3_564,36
2015-10-01,FOODS_3,FOODS_3_564,46
2015-11-01,FOODS_3,FOODS_3_564,14
2015-12-01,FOODS_3,FOODS_3_564,0
2016-01-01,FOODS_3,FOODS_3_564,12
2016-02-01,FOODS_3,FOODS_3_564,14
2016-03-01,FOODS_3,FOODS_3_564,9
2016-04-01,FOODS_3,FOODS_3_564,38
2016-05-01,FOODS_3,FOODS_3_564,23
2011-01-01,FOODS_3,FOODS_3_581,5
2011-02-01,FOODS_3,FOODS_3_581,38
2011-03-01,FOODS_3,FOODS_3_581,28
2011-04-01,FOODS_3,FOODS_3_581,27
2011-05-01,FOODS_3,FOODS_3_581,33
2011-06-01,FOODS_3,FOODS_3_581,30
2011-07-01,FOODS_3,FOODS_3_581,37
2011-08-01,FOODS_3,FOODS_3_581,42
2011-09-01,FOODS_3,FOODS_3_581,30
2011-10-01,FOODS_3,FOODS_3_581,47
2011-11-01,FOODS_3,FOODS_3_581,62
2011-12-01,FOODS_3,FOODS_3_581,80
2012-01-01,FOODS_3,FOODS_3_581,41
2012-02-01,FOODS_3,FOODS_3_581,23
2012-03-01,FOODS_3,FOODS_3_581,32
2012-04-01,FOODS_3,FOODS_3_581,36
2012-05-01,FOODS_3,FOODS_3_581,26
2012-06-01,FOODS_3,FOODS_3_581,28
2012-07-01,FOODS_3,FOODS_3_581,37
2012-08-01,FOODS_3,FOODS_3_581,27
2012-09-01,FOODS_3,FOODS_3_581,31
2012-10-01,FOODS_3,FOODS_3_581,19
2012-11-01,FOODS_3,FOODS_3_581,35
2012-12-01,FOODS_3,FOODS_3_581,38
2013-01-01,FOODS_3,FOODS_3_581,23
2013-02-01,FOODS_3,FOODS_3_581,14
2013-03-01,FOODS_3,FOODS_3_581,25
2013-04-01,FOODS_3,FOODS_3_581,17
2013-05-01,FOODS_3,FOODS_3_581,16
2013-06-01,FOODS_3,FOODS_3_581,22
2013-07-01,FOODS_3,FOODS_3_581,27
2013-08-01,FOODS_3,FOODS_3_581,20
2013-09-01,FOODS_3,FOODS_3_581,31
2013-10-01,FOODS_3,FOODS_3_581,29
2013-11-01,FOODS_3,FOODS_3_581,33
2013-12-01,FOODS_3,FOODS_3_581,30
2014-01-01,FOODS_3,FOODS_3_581,29
2014-02-01,FOODS_3,FOODS_3_581,25
2014-03-01,FOODS_3,FOODS_3_581,24
2014-04-01,FOODS_3,FOODS_3_581,34
2014-05-01,FOODS_3,FOODS_3_581,27
2014-06-01,FOODS_3,FOODS_3_581,27
2014-07-01,FOODS_3,FOODS_3_581,20
2014-08-01,FOODS_3,FOODS_3_581,17
2014-09-01,FOODS_3,FOODS_3_581,28
2014-10-01,FOODS_3,FOODS_3_581,43
2014-11-01,FOODS_3,FOODS_3_581,82
2014-12-01,FOODS_3,FOODS_3_581,49
2015-01-01,FOODS_3,FOODS_3_581,35
2015-02-01,FOODS_3,FOODS_3_581,29
2015-03-01,FOODS_3,FOODS_3_581,33
2015-04-01,FOODS_3,FOODS_3_581,32
2015-05-01,FOODS_3,FOODS_3_581,18
2015-06-01,FOODS_3,FOODS_3_581,31
2015-07-01,FOODS_3,FOODS_3_581,26
2015-08-01,FOODS_3,FOODS_3_581,16
2015-09-01,FOODS_3,FOODS_3_581,16
2015-10-01,FOODS_3,FOODS_3_581,16
2015-11-01,FOODS_3,FOODS_3_581,48
2015-12-01,FOODS_3,FOODS_3_581,73
2016-01-01,FOODS_3,FOODS_3_581,31
2016-02-01,FOODS_3,FOODS_3_581,26
2016-03-01,FOODS_3,FOODS_3_581,27
2016-04-01,FOODS_3,FOODS_3_581,35
2016-05-01,FOODS_3,FOODS_3_581,23
2011-01-01,FOODS_3,FOODS_3_596,3
2011-02-01,FOODS_3,FOODS_3_596,60
2011-03-01,FOODS_3,FOODS_3_596,72
2011-04-01,FOODS_3,FOODS_3_596,75
2011-05-01,FOODS_3,FOODS_3_596,79
2011-06-01,FOODS_3,FOODS_3_596,84
2011-07-01,FOODS_3,FOODS_3_596,60
2011-08-01,FOODS_3,FOODS_3_596,58
2011-09-01,FOODS_3,FOODS_3_596,38
2011-10-01,FOODS_3,FOODS_3_596,78
2011-11-01,FOODS_3,FOODS_3_596,62
2011-12-01,FOODS_3,FOODS_3_596,53
2012-01-01,FOODS_3,FOODS_3_596,76
2012-02-01,FOODS_3,FOODS_3_596,62
2012-03-01,FOODS_3,FOODS_3_596,64
2012-04-01,FOODS_3,FOODS_3_596,59
2012-05-01,FOODS_3,FOODS_3_596,52
2012-06-01,FOODS_3,FOODS_3_596,54
2012-07-01,FOODS_3,FOODS_3_596,41
2012-08-01,FOODS_3,FOODS_3_596,64
2012-09-01,FOODS_3,FOODS_3_596,63
2012-10-01,FOODS_3,FOODS_3_596,56
2012-11-01,FOODS_3,FOODS_3_596,62
2012-12-01,FOODS_3,FOODS_3_596,71
2013-01-01,FOODS_3,FOODS_3_596,70
2013-02-01,FOODS_3,FOODS_3_596,63
2013-03-01,FOODS_3,FOODS_3_596,71
2013-04-01,FOODS_3,FOODS_3_596,56
2013-05-01,FOODS_3,FOODS_3_596,52
2013-06-01,FOODS_3,FOODS_3_596,47
2013-07-01,FOODS_3,FOODS_3_596,78
2013-08-01,FOODS_3,FOODS_3_596,49
2013-09-01,FOODS_3,FOODS_3_596,57
2013-10-01,FOODS_3,FOODS_3_596,58
2013-11-01,FOODS_3,FOODS_3_596,48
2013-12-01,FOODS_3,FOODS_3_596,53
2014-01-01,FOODS_3,FOODS_3_596,53
2014-02-01,FOODS_3,FOODS_3_596,49
2014-03-01,FOODS_3,FOODS_3_596,86
2014-04-01,FOODS_3,FOODS_3_596,67
2014-05-01,FOODS_3,FOODS_3_596,48
2014-06-01,FOODS_3,FOODS_3_596,44
2014-07-01,FOODS_3,FOODS_3_596,35
2014-08-01,FOODS_3,FOODS_3_596,43
2014-09-01,FOODS_3,FOODS_3_596,67
2014-10-01,FOODS_3,FOODS_3_596,101
2014-11-01,FOODS_3,FOODS_3_596,70
2014-12-01,FOODS_3,FOODS_3_596,43
2015-01-01,FOODS_3,FOODS_3_596,50
2015-02-01,FOODS_3,FOODS_3_596,53
2015-03-01,FOODS_3,FOODS_3_596,49
2015-04-01,FOODS_3,FOODS_3_596,48
2015-05-01,FOODS_3,FOODS_3_596,48
2015-06-01,FOODS_3,FOODS_3_596,51
2015-07-01,FOODS_3,FOODS_3_596,70
2015-08-01,FOODS_3,FOODS_3_596,68
2015-09-01,FOODS_3,FOODS_3_596,70
2015-10-01,FOODS_3,FOODS_3_596,79
2015-11-01,FOODS_3,FOODS_3_596,73
2015-12-01,FOODS_3,FOODS_3_596,58
2016-01-01,FOODS_3,FOODS_3_596,71
2016-02-01,FOODS_3,FOODS_3_596,66
2016-03-01,FOODS_3,FOODS_3_596,62
2016-04-01,FOODS_3,FOODS_3_596,62
2016-05-01,FOODS_3,FOODS_3_596,52
2011-01-01,FOODS_3,FOODS_3_663,0
2011-02-01,FOODS_3,FOODS_3_663,36
2011-03-01,FOODS_3,FOODS_3_663,36
2011-04-01,FOODS_3,FOODS_3_663,60
2011-05-01,FOODS_3,FOODS_3_663,0
2011-06-01,FOODS_3,FOODS_3_663,0
2011-07-01,FOODS_3,FOODS_3_663,0
2011-08-01,FOODS_3,FOODS_3_663,0
2011-09-01,FOODS_3,FOODS_3_663,79
2011-10-01,FOODS_3,FOODS_3_663,52
2011-11-01,FOODS_3,FOODS_3_663,30
2011-12-01,FOODS_3,FOODS_3_663,60
2012-01-01,FOODS_3,FOODS_3_663,86
2012-02-01,FOODS_3,FOODS_3_663,0
2012-03-01,FOODS_3,FOODS_3_663,0
2012-04-01,FOODS_3,FOODS_3_663,0
2012-05-01,FOODS_3,FOODS_3_663,0
2012-06-01,FOODS_3,FOODS_3_663,0
2012-07-01,FOODS_3,FOODS_3_663,0
2012-08-01,FOODS_3,FOODS_3_663,3
2012-09-01,FOODS_3,FOODS_3_663,0
2012-10-01,FOODS_3,FOODS_3_663,0
2012-11-01,FOODS_3,FOODS_3_663,0
2012-12-01,FOODS_3,FOODS_3_663,0
2013-01-01,FOODS_3,FOODS_3_663,0
2013-02-01,FOODS_3,FOODS_3_663,55
2013-03-01,FOODS_3,FOODS_3_663,56
2013-04-01,FOODS_3,FOODS_3_663,52
2013-05-01,FOODS_3,FOODS_3_663,3
2013-06-01,FOODS_3,FOODS_3_663,58
2013-07-01,FOODS_3,FOODS_3_663,30
2013-08-01,FOODS_3,FOODS_3_663,14
2013-09-01,FOODS_3,FOODS_3_663,46
2013-10-01,FOODS_3,FOODS_3_663,61
2013-11-01,FOODS_3,FOODS_3_663,43
2013-12-01,FOODS_3,FOODS_3_663,36
2014-01-01,FOODS_3,FOODS_3_663,37
2014-02-01,FOODS_3,FOODS_3_663,12
2014-03-01,FOODS_3,FOODS_3_663,0
2014-04-01,FOODS_3,FOODS_3_663,0
2014-05-01,FOODS_3,FOODS_3_663,0
2014-06-01,FOODS_3,FOODS_3_663,0
2014-07-01,FOODS_3,FOODS_3_663,0
2014-08-01,FOODS_3,FOODS_3_663,0
2014-09-01,FOODS_3,FOODS_3_663,0
2014-10-01,FOODS_3,FOODS_3_663,0
2014-11-01,FOODS_3,FOODS_3_663,0
2014-12-01,FOODS_3,FOODS_3_663,5
2015-01-01,FOODS_3,FOODS_3_663,70
2015-02-01,FOODS_3,FOODS_3_663,51
2015-03-01,FOODS_3,FOODS_3_663,63
2015-04-01,FOODS_3,FOODS_3_663,84
2015-05-01,FOODS_3,FOODS_3_663,78
2015-06-01,FOODS_3,FOODS_3_663,67
2015-07-01,FOODS_3,FOODS_3_663,68
2015-08-01,FOODS_3,FOODS_3_663,57
2015-09-01,FOODS_3,FOODS_3_663,27
2015-10-01,FOODS_3,FOODS_3_663,22
2015-11-01,FOODS_3,FOODS_3_663,11
2015-12-01,FOODS_3,FOODS_3_663,0
2016-01-01,FOODS_3,FOODS_3_663,11
2016-02-01,FOODS_3,FOODS_3_663,0
2016-03-01,FOODS_3,FOODS_3_663,0
2016-04-01,FOODS_3,FOODS_3_663,12
2016-05-01,FOODS_3,FOODS_3_663,48
2011-01-01,FOODS_3,FOODS_3_710,0
2011-02-01,FOODS_3,FOODS_3_710,0
2011-03-01,FOODS_3,FOODS_3_710,0
2011-04-01,FOODS_3,FOODS_3_710,0
2011-05-01,FOODS_3,FOODS_3_710,0
2011-06-01,FOODS_3,FOODS_3_710,0
2011-07-01,FOODS_3,FOODS_3_710,0
2011-08-01,FOODS_3,FOODS_3_710,0
2011-09-01,FOODS_3,FOODS_3_710,0
2011-10-01,FOODS_3,FOODS_3_710,0
2011-11-01,FOODS_3,FOODS_3_710,0
2011-12-01,FOODS_3,FOODS_3_710,0
2012-01-01,FOODS_3,FOODS_3_710,0
2012-02-01,FOODS_3,FOODS_3_710,0
2012-03-01,FOODS_3,FOODS_3_710,0
2012-04-01,FOODS_3,FOODS_3_710,0
2012-05-01,FOODS_3,FOODS_3_710,0
2012-06-01,FOODS_3,FOODS_3_710,0
2012-07-01,FOODS_3,FOODS_3_710,0
2012-08-01,FOODS_3,FOODS_3_710,0
2012-09-01,FOODS_3,FOODS_3_710,0
2012-10-01,FOODS_3,FOODS_3_710,0
2012-11-01,FOODS_3,FOODS_3_710,0
2012-12-01,FOODS_3,FOODS_3_710,0
2013-01-01,FOODS_3,FOODS_3_710,0
2013-02-01,FOODS_3,FOODS_3_710,0
2013-03-01,FOODS_3,FOODS_3_710,0
2013-04-01,FOODS_3,FOODS_3_710,0
2013-05-01,FOODS_3,FOODS_3_710,0
2013-06-01,FOODS_3,FOODS_3_710,0
2013-07-01,FOODS_3,FOODS_3_710,28
2013-08-01,FOODS_3,FOODS_3_710,23
2013-09-01,FOODS_3,FOODS_3_710,15
2013-10-01,FOODS_3,FOODS_3_710,23
2013-11-01,FOODS_3,FOODS_3_710,15
2013-12-01,FOODS_3,FOODS_3_710,22
2014-01-01,FOODS_3,FOODS_3_710,34
2014-02-01,FOODS_3,FOODS_3_710,20
2014-03-01,FOODS_3,FOODS_3_710,27
2014-04-01,FOODS_3,FOODS_3_710,28
2014-05-01,FOODS_3,FOODS_3_710,8
2014-06-01,FOODS_3,FOODS_3_710,18
2014-07-01,FOODS_3,FOODS_3_710,14
2014-08-01,FOODS_3,FOODS_3_710,16
2014-09-01,FOODS_3,FOODS_3_710,10
2014-10-01,FOODS_3,FOODS_3_710,9
2014-11-01,FOODS_3,FOODS_3_710,14
2014-12-01,FOODS_3,FOODS_3_710,14
2015-01-01,FOODS_3,FOODS_3_710,13
2015-02-01,FOODS_3,FOODS_3_710,12
2015-03-01,FOODS_3,FOODS_3_710,9
2015-04-01,FOODS_3,FOODS_3_710,13
2015-05-01,FOODS_3,FOODS_3_710,21
2015-06-01,FOODS_3,FOODS_3_710,16
2015-07-01,FOODS_3,FOODS_3_710,17
2015-08-01,FOODS_3,FOODS_3_710,19
2015-09-01,FOODS_3,FOODS_3_710,14
2015-10-01,FOODS_3,FOODS_3_710,12
2015-11-01,FOODS_3,FOODS_3_710,12
2015-12-01,FOODS_3,FOODS_3_710,13
2016-01-01,FOODS_3,FOODS_3_710,8
2016-02-01,FOODS_3,FOODS_3_710,12
2016-03-01,FOODS_3,FOODS_3_710,10
2016-04-01,FOODS_3,FOODS_3_710,11
2016-05-01,FOODS_3,FOODS_3_710,14
2011-01-01,FOODS_3,FOODS_3_770,0
2011-02-01,FOODS_3,FOODS_3_770,0
2011-03-01,FOODS_3,FOODS_3_770,0
2011-04-01,FOODS_3,FOODS_3_770,0
2011-05-01,FOODS_3,FOODS_3_770,0
2011-06-01,FOODS_3,FOODS_3_770,0
2011-07-01,FOODS_3,FOODS_3_770,0
2011-08-01,FOODS_3,FOODS_3_770,0
2011-09-01,FOODS_3,FOODS_3_770,0
2011-10-01,FOODS_3,FOODS_3_770,0
2011-11-01,FOODS_3,FOODS_3_770,0
2011-12-01,FOODS_3,FOODS_3_770,0
2012-01-01,FOODS_3,FOODS_3_770,0
2012-02-01,FOODS_3,FOODS_3_770,0
2012-03-01,FOODS_3,FOODS_3_770,0
2012-04-01,FOODS_3,FOODS_3_770,0
2012-05-01,FOODS_3,FOODS_3_770,0
2012-06-01,FOODS_3,FOODS_3_770,0
2012-07-01,FOODS_3,FOODS_3_770,0
2012-08-01,FOODS_3,FOODS_3_770,0
2012-09-01,FOODS_3,FOODS_3_770,0
2012-10-01,FOODS_3,FOODS_3_770,0
2012-11-01,FOODS_3,FOODS_3_770,7
2012-12-01,FOODS_3,FOODS_3_770,0
2013-01-01,FOODS_3,FOODS_3_770,28
2013-02-01,FOODS_3,FOODS_3_770,68
2013-03-01,FOODS_3,FOODS_3_770,86
2013-04-01,FOODS_3,FOODS_3_770,55
2013-05-01,FOODS_3,FOODS_3_770,53
2013-06-01,FOODS_3,FOODS_3_770,36
2013-07-01,FOODS_3,FOODS_3_770,27
2013-08-01,FOODS_3,FOODS_3_770,13
2013-09-01,FOODS_3,FOODS_3_770,26
2013-10-01,FOODS_3,FOODS_3_770,40
2013-11-01,FOODS_3,FOODS_3_770,30
2013-12-01,FOODS_3,FOODS_3_770,27
2014-01-01,FOODS_3,FOODS_3_770,25
2014-02-01,FOODS_3,FOODS_3_770,63
2014-03-01,FOODS_3,FOODS_3_770,49
2014-04-01,FOODS_3,FOODS_3_770,40
2014-05-01,FOODS_3,FOODS_3_770,42
2014-06-01,FOODS_3,FOODS_3_770,35
2014-07-01,FOODS_3,FOODS_3_770,52
2014-08-01,FOODS_3,FOODS_3_770,40
2014-09-01,FOODS_3,FOODS_3_770,122
2014-10-01,FOODS_3,FOODS_3_770,72
2014-11-01,FOODS_3,FOODS_3_770,27
2014-12-01,FOODS_3,FOODS_3_770,15
2015-01-01,FOODS_3,FOODS_3_770,57
2015-02-01,FOODS_3,FOODS_3_770,82
2015-03-01,FOODS_3,FOODS_3_770,43
2015-04-01,FOODS_3,FOODS_3_770,42
2015-05-01,FOODS_3,FOODS_3_770,46
2015-06-01,FOODS_3,FOODS_3_770,25
2015-07-01,FOODS_3,FOODS_3_770,23
2015-08-01,FOODS_3,FOODS_3_770,20
2015-09-01,FOODS_3,FOODS_3_770,21
2015-10-01,FOODS_3,FOODS_3_770,12
2015-11-01,FOODS_3,FOODS_3_770,30
2015-12-01,FOODS_3,FOODS_3_770,26
2016-01-01,FOODS_3,FOODS_3_770,17
2016-02-01,FOODS_3,FOODS_3_770,30
2016-03-01,FOODS_3,FOODS_3_770,43
2016-04-01,FOODS_3,FOODS_3_770,32
2016-05-01,FOODS_3,FOODS_3_770,29
2011-01-01,FOODS_3,FOODS_3_818,0
2011-02-01,FOODS_3,FOODS_3_818,0
2011-03-01,FOODS_3,FOODS_3_818,0
2011-04-01,FOODS_3,FOODS_3_818,0
2011-05-01,FOODS_3,FOODS_3_818,0
2011-06-01,FOODS_3,FOODS_3_818,0
2011-07-01,FOODS_3,FOODS_3_818,0
2011-08-01,FOODS_3,FOODS_3_818,0
2011-09-01,FOODS_3,FOODS_3_818,0
2011-10-01,FOODS_3,FOODS_3_818,0
2011-11-01,FOODS_3,FOODS_3_818,0
2011-12-01,FOODS_3,FOODS_3_818,0
2012-01-01,FOODS_3,FOODS_3_818,0
2012-02-01,FOODS_3,FOODS_3_818,0
2012-03-01,FOODS_3,FOODS_3_818,0
2012-04-01,FOODS_3,FOODS_3_818,0
2012-05-01,FOODS_3,FOODS_3_818,35
2012-06-01,FOODS_3,FOODS_3_818,82
2012-07-01,FOODS_3,FOODS_3_818,93
2012-08-01,FOODS_3,FOODS_3_818,43
2012-09-01,FOODS_3,FOODS_3_818,29
2012-10-01,FOODS_3,FOODS_3_818,36
2012-11-01,FOODS_3,FOODS_3_818,81
2012-12-01,FOODS_3,FOODS_3_818,94
2013-01-01,FOODS_3,FOODS_3_818,93
2013-02-01,FOODS_3,FOODS_3_818,87
2013-03-01,FOODS_3,FOODS_3_818,113
2013-04-01,FOODS_3,FOODS_3_818,103
2013-05-01,FOODS_3,FOODS_3_818,101
2013-06-01,FOODS_3,FOODS_3_818,61
2013-07-01,FOODS_3,FOODS_3_818,93
2013-08-01,FOODS_3,FOODS_3_818,88
2013-09-01,FOODS_3,FOODS_3_818,76
2013-10-01,FOODS_3,FOODS_3_818,78
2013-11-01,FOODS_3,FOODS_3_818,60
2013-12-01,FOODS_3,FOODS_3_818,65
2014-01-01,FOODS_3,FOODS_3_818,79
2014-02-01,FOODS_3,FOODS_3_818,95
2014-03-01,FOODS_3,FOODS_3_818,118
2014-04-01,FOODS_3,FOODS_3_818,96
2014-05-01,FOODS_3,FOODS_3_818,82
2014-06-01,FOODS_3,FOODS_3_818,74
2014-07-01,FOODS_3,FOODS_3_818,70
2014-08-01,FOODS_3,FOODS_3_818,89
2014-09-01,FOODS_3,FOODS_3_818,69
2014-10-01,FOODS_3,FOODS_3_818,89
2014-11-01,FOODS_3,FOODS_3_818,120
2014-12-01,FOODS_3,FOODS_3_818,179
2015-01-01,FOODS_3,FOODS_3_818,113
2015-02-01,FOODS_3,FOODS_3_818,101
2015-03-01,FOODS_3,FOODS_3_818,79
2015-04-01,FOODS_3,FOODS_3_818,110
2015-05-01,FOODS_3,FOODS_3_818,98
2015-06-01,FOODS_3,FOODS_3_818,95
2015-07-01,FOODS_3,FOODS_3_818,108
2015-08-01,FOODS_3,FOODS_3_818,96
2015-09-01,FOODS_3,FOODS_3_818,101
2015-10-01,FOODS_3,FOODS_3_818,74
2015-11-01,FOODS_3,FOODS_3_818,42
2015-12-01,FOODS_3,FOODS_3_818,111
2016-01-01,FOODS_3,FOODS_3_818,120
2016-02-01,FOODS_3,FOODS_3_818,99
2016-03-01,FOODS_3,FOODS_3_818,97
2016-04-01,FOODS_3,FOODS_3_818,85
2016-05-01,FOODS_3,FOODS_3_818,48
2011-01-01,FOODS_3,FOODS_3_825,0
2011-02-01,FOODS_3,FOODS_3_825,54
2011-03-01,FOODS_3,FOODS_3_825,0
2011-04-01,FOODS_3,FOODS_3_825,36
2011-05-01,FOODS_3,FOODS_3_825,31
2011-06-01,FOODS_3,FOODS_3_825,42
2011-07-01,FOODS_3,FOODS_3_825,45
2011-08-01,FOODS_3,FOODS_3_825,21
2011-09-01,FOODS_3,FOODS_3_825,53
2011-10-01,FOODS_3,FOODS_3_825,50
2011-11-01,FOODS_3,FOODS_3_825,38
2011-12-01,FOODS_3,FOODS_3_825,47
2012-01-01,FOODS_3,FOODS_3_825,60
2012-02-01,FOODS_3,FOODS_3_825,52
2012-03-01,FOODS_3,FOODS_3_825,50
2012-04-01,FOODS_3,FOODS_3_825,34
2012-05-01,FOODS_3,FOODS_3_825,35
2012-06-01,FOODS_3,FOODS_3_825,18
2012-07-01,FOODS_3,FOODS_3_825,0
2012-08-01,FOODS_3,FOODS_3_825,0
2012-09-01,FOODS_3,FOODS_3_825,0
2012-10-01,FOODS_3,FOODS_3_825,0
2012-11-01,FOODS_3,FOODS_3_825,0
2012-12-01,FOODS_3,FOODS_3_825,0
2013-01-01,FOODS_3,FOODS_3_825,0
2013-02-01,FOODS_3,FOODS_3_825,0
2013-03-01,FOODS_3,FOODS_3_825,0
2013-04-01,FOODS_3,FOODS_3_825,0
2013-05-01,FOODS_3,FOODS_3_825,0
2013-06-01,FOODS_3,FOODS_3_825,6
2013-07-01,FOODS_3,FOODS_3_825,80
2013-08-01,FOODS_3,FOODS_3_825,52
2013-09-01,FOODS_3,FOODS_3_825,33
2013-10-01,FOODS_3,FOODS_3_825,32
2013-11-01,FOODS_3,FOODS_3_825,43
2013-12-01,FOODS_3,FOODS_3_825,47
2014-01-01,FOODS_3,FOODS_3_825,37
2014-02-01,FOODS_3,FOODS_3_825,47
2014-03-01,FOODS_3,FOODS_3_825,41
2014-04-01,FOODS_3,FOODS_3_825,34
2014-05-01,FOODS_3,FOODS_3_825,35
2014-06-01,FOODS_3,FOODS_3_825,23
2014-07-01,FOODS_3,FOODS_3_825,20
2014-08-01,FOODS_3,FOODS_3_825,55
2014-09-01,FOODS_3,FOODS_3_825,46
2014-10-01,FOODS_3,FOODS_3_825,32
2014-11-01,FOODS_3,FOODS_3_825,28
2014-12-01,FOODS_3,FOODS_3_825,16
2015-01-01,FOODS_3,FOODS_3_825,27
2015-02-01,FOODS_3,FOODS_3_825,32
2015-03-01,FOODS_3,FOODS_3_825,47
2015-04-01,FOODS_3,FOODS_3_825,31
2015-05-01,FOODS_3,FOODS_3_825,36
2015-06-01,FOODS_3,FOODS_3_825,27
2015-07-01,FOODS_3,FOODS_3_825,34
2015-08-01,FOODS_3,FOODS_3_825,33
2015-09-01,FOODS_3,FOODS_3_825,29
2015-10-01,FOODS_3,FOODS_3_825,15
2015-11-01,FOODS_3,FOODS_3_825,15
2015-12-01,FOODS_3,FOODS_3_825,27
2016-01-01,FOODS_3,FOODS_3_825,26
2016-02-01,FOODS_3,FOODS_3_825,19
2016-03-01,FOODS_3,FOODS_3_825,33
2016-04-01,FOODS_3,FOODS_3_825,35
2016-05-01,FOODS_3,FOODS_3_825,27
